title,address,type,educational,workExperience,workTag,salary,salaryMonth,companyTags,hrWork,hrName,pratice,companyTitle,companyAvatar,companyNature,companyStatus,companyPeople,detailUrl,companyUrl,dist
Java,邵阳,java,本科,1年以内,"[""\u5fae\u670d\u52a1\u67b6\u6784"", ""\u641c\u7d22\u5f15\u64ce\u6280\u672f"", ""\u6d41\u5a92\u4f53\u6280\u672f"", ""\u9ad8\u7ea7\u8f6f\u4ef6\u5de5\u7a0b\u5e08"", """", """", """", """"]","[15000, 16000]",0薪,无,招聘者,杨宁招聘者,0,久扬网络科技有限公司,"https://img.bosszhipin.com/beijin/icon/894ce6fa7e58d64d57e7f22d2f3a9d18afa7fcceaa24b8ea28f56f1bb14732c0.png?x-oss-process=image/resize,w_100,limit_0",互联网,未融资,"[0, 20]",https://www.zhipin.com/job_detail/b382ab3d5bbe1d231XV409q_ElBU.html?lid=9Q6WGFZ1wC0.search.1&securityId=0qfbZJbXLvcre-21FcS6k5SVmZMUo-YMzZB00Lxf1qzeByZlSSB8bK2Zmq6ZqYmdZTmWf2l5H6-QolyfQp1-tk0O7LZ2lc7ZjlshIxp0pV9DkiggRw~~&sessionId=,https://www.zhipin.com/gongsi/0795a25327aca36a1XZ93NS8Eg~~.html,大祥区
Java,洛阳,java,本科,经验不限,"[""\u540e\u7aef\u5de5\u7a0b\u5e08"", ""\u5168\u6808\u5de5\u7a0b\u5e08"", ""Java"", ""Spring"", ""JavaScript""]","[15000, 30000]",16薪,"[""\u5e74\u7ec8\u5956"", ""\u8865\u5145\u533b\u7597\u4fdd\u9669"", ""\u4e94\u9669\u4e00\u91d1"", ""\u80a1\u7968\u671f\u6743"", ""\u9910\u8865"", ""\u96f6\u98df\u4e0b\u5348\u8336"", ""\u52a0\u73ed\u8865\u52a9"", ""\u5458\u5de5\u65c5\u6e38"", ""\u5b9a\u671f\u4f53\u68c0"", ""\u8282\u65e5\u798f\u5229""]",SE,董状状SE,0,华为,"https://img.bosszhipin.com/beijin/upload/com/logo/20200429/8f64c9d0b30a53c434b26799ca78966cec9b49ecaf1604cb263748f03d5c2b0f.png?x-oss-process=image/resize,w_100,limit_0",计算机软件,不需要融资,"[0, 10000]",https://www.zhipin.com/job_detail/056eacf896caa9481XJ63dW1FVpQ.html?lid=9Q6WGFZ1wC0.search.2&securityId=NfT1T2u4wCCTv-S1nSzuaMXCgVO7ReVmm85cJ6P8AnlQiowN1dI5CnLpdnmzX4Eref1YBmC687yIrSnyW68MRObm2kVjJp20e_Y12WYmn3mwhyrBxj6bthYQTCWpwdgqmPZlv6jldPewoesEPww~&sessionId=,https://www.zhipin.com/gongsi/02cd05cce753437e33V50w~~.html,洛龙区
Java,东营,java,本科,1-3年,"[""SpringMVC"", ""Oracle"", ""MySQL"", ""\u5168\u6808\u5f00\u53d1"", ""Windows"", """", """"]","[6000, 7000]",14薪,"[""\u8282\u65e5\u798f\u5229"", ""\u96f6\u98df\u4e0b\u5348\u8336"", ""\u80a1\u7968\u671f\u6743"", ""\u5458\u5de5\u65c5\u6e38"", ""\u5168\u52e4\u5956"", ""\u5b9a\u671f\u4f53\u68c0"", ""\u5e74\u7ec8\u5956"", ""\u514d\u8d39\u73ed\u8f66"", ""\u4ea4\u901a\u8865\u52a9"", ""\u8865\u5145\u533b\u7597\u4fdd\u9669"", ""\u4e94\u9669\u4e00\u91d1"", ""\u9910\u8865"", ""\u52a0\u73ed\u8865\u52a9"", ""\u901a\u8baf\u8865\u8d34"", ""\u5e26\u85aa\u5e74\u5047""]",部门经理,周涛部门经理,0,山东胜软,"https://c-res.zhipin.com/jrs/f52a45cb9c070f597bb6a81516a0d75c.jpg?x-oss-process=image/resize,w_100,limit_0",计算机软件,已上市,"[500, 999]",https://www.zhipin.com/job_detail/6bd348e7aa642a841nJ43tm-EFNU.html?lid=9Q6WGFZ1wC0.search.3&securityId=88nQqB9K82JtG-Y1CnEle-fi2lKzOylXguhLKZkTkMylJ1iPMcxQipUzvU1tg48Mqo9r6Yfc80KdWn3oorlHOjEiG-V0o36JQgtkzzP5lK_24CDFlEu5&sessionId=,https://www.zhipin.com/gongsi/2d430900a5b2fd631nF-2du0ElM~.html,东营区
java,乌鲁木齐,java,本科,1-3年,"[""Java""]","[10000, 12000]",0薪,无,顾问,齐思佳顾问,0,上海瑞应人才科技,"https://img.bosszhipin.com/beijin/icon/894ce6fa7e58d64d57e7f22d2f3a9d18afa7fcceaa24b8ea28f56f1bb14732c0.png?x-oss-process=image/resize,w_100,limit_0",计算机软件,未融资,"[500, 999]",https://www.zhipin.com/job_detail/c1ba7a24f20ade931X1-0ti-ElJQ.html?lid=9Q6WGFZ1wC0.search.4&securityId=D3ENZC8Ra3fM--X17MnXN5mYFQEv6eArXOH0lbwRfyls8ZbfvLzhf2qIhcJGm13DWHdb8KNzRQ0Na9t3-oFD_a9uFYUDKVIq7GAR4rP4963pXaevyA2H4n_VKRPy1A-gL9ClUTu7CW4eVO4D0TlFNkO1&sessionId=,https://www.zhipin.com/gongsi/62518f9a3d79dd931XV_09y4FFo~.html,沙依巴克区
Java,郑州,java,本科,3-5年,"[""Java\u5f00\u53d1\u7ecf\u9a8c"", ""Java"", ""\u4e0d\u63a5\u53d7\u5c45\u5bb6\u529e\u516c"", ""MySQL"", """", """", """", """"]","[12000, 18000]",0薪,"[""\u4e94\u9669\u4e00\u91d1"", ""\u8865\u5145\u533b\u7597\u4fdd\u9669"", ""\u901a\u8baf\u8865\u8d34"", ""\u8282\u65e5\u798f\u5229"", ""\u5e74\u7ec8\u5956"", ""\u5b9a\u671f\u4f53\u68c0"", ""\u52a0\u73ed\u8865\u52a9"", ""\u4ea4\u901a\u8865\u52a9"", ""\u5e26\u85aa\u5e74\u5047"", ""\u96f6\u98df\u4e0b\u5348\u8336""]",TA,刘宇彤TA,0,北京外企德科人力...,"https://img.bosszhipin.com/beijin/upload/com/logo/20201130/f68611495e38dea93fc6345fd94e6bb5c1605ca299336b335e6f786e9a1ccf60.jpg?x-oss-process=image/resize,w_100,limit_0",人力资源服务,不需要融资,"[1000, 9999]",https://www.zhipin.com/job_detail/7a24ef1dcd57d31b1X1-3Ni1FlJU.html?lid=9Q6WGFZ1wC0.search.5&securityId=Oi4jfJxXIJMxh-C1fbLTfAECYBwR_d1FIEru3_U6QTJ6X8-QyasXAVgS_MEpzb1NI-yXMNpENz67hYaiQpN7cFSTQh5QHWv0olqj6G4QL88JQm6eAw~~&sessionId=,https://www.zhipin.com/gongsi/bd9ec67b9b0e33af1XB42N67Ew~~.html,管城回族区
Java,深圳,java,本科,5-10年,"[""\u540e\u7aef\u5de5\u7a0b\u5e08"", ""\u67b6\u6784\u5e08"", ""Java"", ""Java\u5f00\u53d1\u7ecf\u9a8c"", """"]","[20000, 35000]",0薪,"[""\u4e94\u9669\u4e00\u91d1"", ""\u8865\u5145\u533b\u7597\u4fdd\u9669"", ""\u52a0\u73ed\u8865\u52a9"", ""\u8282\u65e5\u798f\u5229"", ""\u5458\u5de5\u65c5\u6e38"", ""\u5e26\u85aa\u5e74\u5047"", ""\u5e74\u7ec8\u5956"", ""\u6bcf\u5e74\u5065\u5eb7\u4f53\u68c0"", ""\u5b9a\u671f\u4f53\u68c0"", ""\u901a\u8baf\u8865\u8d34"", ""\u80a1\u7968\u671f\u6743"", ""\u96f6\u98df\u4e0b\u5348\u8336"", ""\u5168\u52e4\u5956""]",HRBP,王女士HRBP,0,平安金服,"https://img.bosszhipin.com/beijin/mcs/chatphoto/20190123/647190eeef76e3e4edfae3562e288076cfcd208495d565ef66e7dff9f98764da.jpg?x-oss-process=image/resize,w_100,limit_0",互联网金融,已上市,"[0, 10000]",https://www.zhipin.com/job_detail/3828366a3fee2d031HR62ty-FFVQ.html?lid=9Q6WGFZ1wC0.search.6&securityId=-EuF1074J24Te-Y1uSeLGxHXl_K7W-39ndei4S1OIsFxT4E4esdlA88QDHhne2JMYvhW9ziqJoSpDdoRY45BcMJOE0usXQ5yNSAdHFV70PQoZQ4dwZUb0Uofpd-U--_ODCFPJJppPM9RcN1S_eue&sessionId=,https://www.zhipin.com/gongsi/5bc15d802c2553171XBz3N61.html,
Java,呼和浩特,java,学历不限,5-10年,"[""\u540e\u7aef\u5de5\u7a0b\u5e08""]","[10000, 15000]",0薪,"[""\u8282\u65e5\u798f\u5229"", ""\u6709\u65e0\u7ebf\u7f51"", ""\u7ee9\u6548\u5956\u91d1"", ""\u5e26\u85aa\u5e74\u5047"", ""\u5e95\u85aa\u52a0\u63d0\u6210"", ""\u5168\u52e4\u5956"", ""\u4e94\u9669\u4e00\u91d1""]",人事,李女士人事,0,郑州市宽昀企业管...,"https://img.bosszhipin.com/beijin/icon/894ce6fa7e58d64d57e7f22d2f3a9d18afa7fcceaa24b8ea28f56f1bb14732c0.png?x-oss-process=image/resize,w_100,limit_0",互联网,未融资,"[20, 99]",https://www.zhipin.com/job_detail/553fa1246a68b8481HR72NW7GVRX.html?lid=9Q6WGFZ1wC0.search.7&securityId=r9c8q75SSihe4-Q1wgdFdOzFMl9lNDBEoVO8R0SPmxtJpD28U1jzk_r0_BwcLFA3ujqMigeF2ZD0SjN0bXglPnh5bqJS4V2f3Db5ZDY8W2wGZ7fHMR2T&sessionId=,https://www.zhipin.com/gongsi/119bebba653b684e1XZ_3Ni8Fls~.html,赛罕区
Java,常州,java,大专,经验不限,"[""Linux"", ""jvm"", ""netty""]","[12000, 15000]",0薪,"[""\u4e94\u9669\u4e00\u91d1""]",技术经理,马辉技术经理,0,源趣科技,"https://img.bosszhipin.com/beijin/icon/894ce6fa7e58d64d57e7f22d2f3a9d18afa7fcceaa24b8ea28f56f1bb14732c0.png?x-oss-process=image/resize,w_100,limit_0",企业服务,天使轮,"[0, 20]",https://www.zhipin.com/job_detail/b6279bb301b6c9e40XV92N67EVY~.html?lid=9Q6WGFZ1wC0.search.8&securityId=bsiLkFpyIefwj-K1w4wFM6j3wLC0J5_eu9ELbRl9tcAYLfr0rA70_GQXGjIMHcTxo_I9qU5PjPVxYpb76A6N42ev_zG9Lxo45jqJOZkOFBMm1Sz7&sessionId=,https://www.zhipin.com/gongsi/5427120b508b25910nF_3N67EQ~~.html,钟楼区
Java,通化,java,本科,5-10年,"[""PHP"", ""SQL"", ""\u5fae\u670d\u52a1\u67b6\u6784"", ""\u670d\u52a1\u5668\u914d\u7f6e"", ""\u5206\u5e03\u5f0f\u6280\u672f"", """"]","[10000, 15000]",0薪,"[""\u4e94\u9669\u4e00\u91d1"", ""\u8865\u5145\u533b\u7597\u4fdd\u9669""]",经理,赵德全经理,0,盛世高科,"https://img.bosszhipin.com/beijin/upload/com/logo/20190627/b65aee4b2dfbc5bc8478e3925f95579188e30b4f83ac2b1996ddb2d842ff4a4d.png?x-oss-process=image/resize,w_100,limit_0",信息安全,未融资,"[0, 20]",https://www.zhipin.com/job_detail/addd34d3a613d6761n1939m8FlZX.html?lid=9Q6WGFZ1wC0.search.9&securityId=2a_iSQlaG3bp8-21wQnzqOfkYLEfh4KaZdPISIYh3T9Nub72of-KW_cuB5V9lLWE8wDfNP-3fRMUEY30AAjxxipYulwfKAXimTnmt4IZR9tWZrdgOg~~&sessionId=,https://www.zhipin.com/gongsi/f1f1ddf3a17237431HZy29u1FQ~~.html,东昌区
java,台州,java,大专,1-3年,"[""\u540e\u7aef\u5de5\u7a0b\u5e08"", ""Java""]","[8000, 13000]",0薪,"[""\u5168\u52e4\u5956"", ""\u610f\u5916\u9669"", ""\u7ee9\u6548\u5956\u91d1"", ""\u9ad8\u6e29\u8865\u8d34"", ""\u5e26\u85aa\u5e74\u5047"", ""\u5458\u5de5\u65c5\u6e38"", ""\u56e2\u5efa\u805a\u9910"", ""\u4e94\u9669\u4e00\u91d1"", ""\u4fdd\u5e95\u5de5\u8d44"", ""\u5e74\u7ec8\u5956"", ""\u5de5\u9f84\u5956"", ""\u4ea4\u901a\u8865\u52a9"", ""\u5e95\u85aa\u52a0\u63d0\u6210"", ""\u751f\u65e5\u798f\u5229"", ""\u8282\u65e5\u798f\u5229""]",人事,何伟兴人事,0,云汇网络,"https://img.bosszhipin.com/beijin/upload/com/logo/20230524/7b5b554d84f9729c165d074d9b08c68e8b9f247b43bf480ce799836fc6f00e5841bd946cf72f2e66.jpg?x-oss-process=image/resize,w_100,limit_0",电子商务,不需要融资,"[20, 99]",https://www.zhipin.com/job_detail/fcc2b993cf7df8131HR72Ny5ElVT.html?lid=9Q6WGFZ1wC0.search.10&securityId=Le9RAzegaOfNE-_1J0axBuLR-XBi-3Xh1wKPo9YwrNbi9RwASb_4f4DyYkbqHYxoTwyveVwMurioc0EFBFAwS-YGoNVDXhCSO-FmJIo5ChpxClBDqw~~&sessionId=,https://www.zhipin.com/gongsi/566a6d62864d2cb70Xd53Ni7Eg~~.html,椒江区
Java,衡阳,java,大专,经验不限,"[""Java"", ""\u8ba1\u7b97\u673a/\u8f6f\u4ef6\u5de5\u7a0b\u76f8\u5173\u7ecf\u9a8c"", ""Java\u5f00\u53d1\u7ecf\u9a8c"", ""CSS"", """", """", """", """", """", """"]","[1000, 3000]",0薪,无,法人代表,马先生法人代表,0,品睿科技,"https://img.bosszhipin.com/beijin/mcs/chatphoto/20201022/57072b00dcb609dbd92dbf71e81cbd8c28d035d8aa14dc5c2b0d142ea7c607f6_s.jpg?x-oss-process=image/resize,w_100,limit_0",电子商务,未融资,"[0, 20]",https://www.zhipin.com/job_detail/3163ef0dc93747091Xx52tS-GFVQ.html?lid=9Q6WGFZ1wC0.search.11&securityId=eN3n9xya_vo6l-D1Dhca2-2paQKPG2cPa8HQXK6qdYf8js6PPo3GXoFJfxRMTT7NZXtV-62AFiUn8C9afJu7Cax-RoOThH_zxjXLGYQjoxD962locVI~&sessionId=,https://www.zhipin.com/gongsi/459d840c2f41bee51HZ52di0Eg~~.html,
Java工程师,济宁,java,本科,3-5年,"[""Java"", ""Java\u5f00\u53d1\u7ecf\u9a8c"", ""\u8f6f\u4ef6\u5de5\u7a0b\u5e08"", ""JAVA"", ""\u8f6f\u4ef6\u7814\u53d1""]","[5000, 8000]",0薪,"[""\u7ee9\u6548\u5956\u91d1"", ""\u5b9a\u671f\u4f53\u68c0"", ""\u5e26\u85aa\u5e74\u5047"", ""\u8282\u65e5\u798f\u5229"", ""\u52a0\u73ed\u8865\u52a9"", ""\u80a1\u7968\u671f\u6743"", ""\u4f4f\u623f\u8865\u8d34"", ""\u5e74\u7ec8\u5956"", ""\u4e94\u9669\u4e00\u91d1"", ""\u5458\u5de5\u65c5\u6e38"", ""\u4ea4\u901a\u8865\u52a9"", ""\u56e2\u5efa\u805a\u9910"", ""\u5de5\u9f84\u5956"", ""\u610f\u5916\u9669"", ""\u901a\u8baf\u8865\u8d34"", ""\u751f\u65e5\u798f\u5229"", ""\u4fdd\u5e95\u5de5\u8d44""]",总经理,段本德总经理,0,黑马软件,"https://img.bosszhipin.com/beijin/upload/com/logo/20230728/7b5b554d84f9729c2f1677bbf0c02291ec39bfed33261fbfaec3a96807de99288e341488e6fb8da0.png?x-oss-process=image/resize,w_100,limit_0",计算机软件,不需要融资,"[20, 99]",https://www.zhipin.com/job_detail/94110e838c400ca41nR40ti0E1ZT.html?lid=9Q6WGFZ1wC0.search.12&securityId=rDCZTBZd9eU2P-R18XqMzXEVUh7ONjgFTHhgsRbcPPJ8zaNhPuOtE-7RYnNcSwXQvPzdUQHoHUyDKrfXlhXAwW4VwPRTL92dlqbm9jKOrM2IDuS4&sessionId=,https://www.zhipin.com/gongsi/e92c6cb5c72523810HV809m5.html,
Java程序员,东莞,java,大专,1-3年,"[""\u540e\u7aef\u5de5\u7a0b\u5e08"", ""\u5168\u6808\u5de5\u7a0b\u5e08"", ""\u67b6\u6784\u5e08"", ""Java"", """", """", """", """"]","[6000, 8000]",0薪,"[""\u751f\u65e5\u798f\u5229"", ""\u8282\u65e5\u798f\u5229"", ""\u5168\u52e4\u5956"", ""\u96f6\u98df\u4e0b\u5348\u8336"", ""\u5e95\u85aa\u52a0\u63d0\u6210"", ""\u901a\u8baf\u8865\u8d34"", ""\u610f\u5916\u9669"", ""\u4f4f\u623f\u8865\u8d34"", ""\u4fdd\u5e95\u5de5\u8d44"", ""\u56e2\u5efa\u805a\u9910"", ""\u7ee9\u6548\u5956\u91d1"", ""\u8865\u5145\u533b\u7597\u4fdd\u9669"", ""\u5e74\u7ec8\u5956"", ""\u5458\u5de5\u65c5\u6e38""]",行政主管,廖女士行政主管,0,卡友网,"https://img.bosszhipin.com/beijin/upload/com/workfeel/20230613/7bf6f160950405e98f9a76d8a9aebadbb3aa2dddba872db258b0a9b7ba84aa46de9f728e90b35fde.png?x-oss-process=image/resize,w_100,limit_0",互联网,天使轮,"[20, 99]",https://www.zhipin.com/job_detail/94f0ceaaf4c0270a1HR73NW-FFpW.html?lid=9Q6WGFZ1wC0.search.13&securityId=zALdAv0L-u_7w-U1B1dVn_pDgzPcpf1Zu2Y7Ohg5sPniG5bUVC29KbrQLx6gw5GOJz3a2aX9VcEw82WEtfxnFq57j8sTG_fwpxE2nvnBsMhlznik84Y~&sessionId=,https://www.zhipin.com/gongsi/970a32f8938e04940nR83Nm5Fw~~.html,南城街道
Java开发,天津,java,学历不限,3-5年,"[""\u540e\u7aef\u5f00\u53d1"", ""\u5168\u6808\u5f00\u53d1"", ""WEB\u5f00\u53d1"", ""\u4f01\u4e1a\u7ea7\u5e94\u7528\u5f00\u53d1""]","[10000, 15000]",0薪,"[""\u6e05\u534e\u6280\u672f\u8ba8\u8bba"", ""\u56e2\u5efa\u805a\u9910"", ""\u4e94\u9669\u4e00\u91d1"", ""\u8282\u5047\u65e5\u52a0\u73ed\u8d39"", ""\u80a1\u7968\u671f\u6743"", ""\u5ba2\u6237\u6280\u672f\u4e92\u52a9"", ""\u8282\u65e5\u798f\u5229""]",经理,陆岩经理,0,北京陆泰,"https://img.bosszhipin.com/beijin/upload/com/logo/20190707/7041f34268fc88ae0fa13c9234278d6284f4f2354d4e664e05ab14d90bb54093.png?x-oss-process=image/resize,w_100,limit_0",移动互联网,未融资,"[20, 99]",https://www.zhipin.com/job_detail/5ada9779524a14211XZy0t20FVNU.html?lid=9Q6WGFZ1wC0.search.15&securityId=BFZAti6shnIg1-b1iApnWoXAxzVCFho-a_eBeK1YXrP6ITGkixEY5NlHX8F2K0gAjQx3nHuVkUU5ABZkonyOsozsmfo-n3Ip7K-M-YKj3oX6tZwFyQ~~&sessionId=,https://www.zhipin.com/gongsi/64d6c18f8fcd198c1XZy2t-5Ew~~.html,河东区
JAVA工程师,东营,java,本科,经验不限,"[""\u540e\u7aef\u5de5\u7a0b\u5e08"", ""Java"", ""Spring"", ""MyBatis""]","[6000, 11000]",0薪,"[""\u5e74\u7ec8\u5956"", ""\u4e94\u9669\u4e00\u91d1"", ""\u5b9a\u671f\u4f53\u68c0"", ""\u8282\u65e5\u798f\u5229"", ""\u96f6\u98df\u4e0b\u5348\u8336""]",行政,张梦雅行政,0,科美人和,"https://img.bosszhipin.com/beijin/mcs/chatphoto/20200703/cfbe4db18dd7ac3c9170660b21ed16ec855763f516558eaf08404a03bb9fd98a_s.jpg?x-oss-process=image/resize,w_100,limit_0",新能源,未融资,"[100, 499]",https://www.zhipin.com/job_detail/85ef6633ae9d7ca71HR62dy1FlBX.html?lid=9Q6WGFZ1wC0.search.16&securityId=GIvIwlwR2LxdH-q1PIg-OKVSWSWUrihr307-jvqE43nJrC8fZmPkfcZMmvD4vIHjb7XQSbgCe9wduh_slHwvW84NsoqgNdszzP6pO7a4FlMzUg3hIw~~&sessionId=,https://www.zhipin.com/gongsi/2c562707c6af19653nVy2dW_FQ~~.html,东营区
Java开发工程师,莆田,java,本科,1-3年,"[""\u4e0b\u80a2\u6b8b\u75be"", ""Java"", ""\u80a2\u4f53\u6b8b\u75be"", ""JavaScript"", ""SpringMVC"", ""Redis"", """", """", """", """"]","[8000, 12000]",0薪,无,总经理/技术总监,许茂林总经理/技术总监,0,云天科技,"https://img.bosszhipin.com/beijin/icon/894ce6fa7e58d64d57e7f22d2f3a9d18afa7fcceaa24b8ea28f56f1bb14732c0.png?x-oss-process=image/resize,w_100,limit_0",计算机软件,未融资,"[0, 20]",https://www.zhipin.com/job_detail/f9e3e01731bcc6893nB_39u0GFI~.html?lid=9Q6WGFZ1wC0.search.17&securityId=nZB5ePO3c1fuE-N1R8Xl-0ppivGakdDMyp_J-EkS3w5Ougy9CgEyUojF8HcHBIeX_rQHeUvJjO-YYRyA4eAVPQeMtQSb9_j5eo5_lVdOJlcDqDX1gJ8~&sessionId=,https://www.zhipin.com/gongsi/599415901efbcc751nV43tq1EFc~.html,城厢区
Java,大同,java,本科,1-3年,"[""Java""]","[4000, 5000]",0薪,无,法人代表,李绪保法人代表,0,山西大易中正信息技术,"https://img.bosszhipin.com/beijin/icon/894ce6fa7e58d64d57e7f22d2f3a9d18afa7fcceaa24b8ea28f56f1bb14732c0.png?x-oss-process=image/resize,w_100,limit_0",数据服务,未融资,"[20, 99]",https://www.zhipin.com/job_detail/e09f903837946bce1XB_3tS7ElZX.html?lid=9Q6WGFZ1wC0.search.18&securityId=gAx04wuT0NKIt-L1hxBz3sop2gjMVfJCmsty6lilUdsbEUlYZm-UNIKjCMuZHIhLA6RbusLiMs0-qCYGItvxAFttn9j7ERdIDc0A2K6kgX0iF5Lk7OB1&sessionId=,https://www.zhipin.com/gongsi/db80985b3bf8302b1XZy2d-8FVU~.html,平城区
Java,武汉,java,大专,5-10年,"[""\u7cfb\u7edf\u67b6\u6784"", ""Java"", "".NET""]","[11000, 18000]",0薪,"[""\u5de5\u9f84\u5956"", ""\u5b9a\u671f\u4f53\u68c0"", ""\u610f\u5916\u9669"", ""\u9ad8\u6e29\u8865\u8d34"", ""\u5e74\u7ec8\u5956"", ""\u5305\u4f4f"", ""\u4e94\u9669\u4e00\u91d1"", ""\u5e26\u85aa\u5e74\u5047""]",招聘者,柳琳招聘者,0,武汉宸希测绘技术...,"https://img.bosszhipin.com/beijin/app/mobile/normal-0e3f1e4441a21d4874cece3a3d81f0fe.png?x-oss-process=image/resize,w_100,limit_0",分类信息,未融资,"[20, 99]",https://www.zhipin.com/job_detail/a20f2c7d756ec4ca1XBz3Nq8EFBU.html?lid=9Q6WGFZ1wC0.search.19&securityId=pXZe066kXAU2P-31OE9WGXBzHZMTtDBNqf87aGr2Y7w568W36oi2XgATjEv1Dp2ZPcdOpwoQtNlfOgPBF2PrIxA15anZ9lNcVjp3lKKsQ6UcwdGsLWJ1Ckb3RM9J1X6K60JROVlnbUAkWca34UD1v50~&sessionId=,https://www.zhipin.com/gongsi/1e8a4a92b4ed3c6d1nV639q4ElA~.html,武昌区
Java工程师,上海,java,本科,经验不限,"[""\u540e\u7aef\u5de5\u7a0b\u5e08""]","[12000, 18000]",0薪,"[""\u7ee9\u6548\u5956\u91d1"", ""\u8865\u5145\u533b\u7597\u4fdd\u9669"", ""\u9ad8\u6e29\u8865\u8d34"", ""\u6709\u65e0\u7ebf\u7f51"", ""\u52a0\u73ed\u8865\u52a9"", ""\u5458\u5de5\u65c5\u6e38"", ""\u6cd5\u5b9a\u8282\u5047\u65e5\u4e09\u85aa"", ""\u5e26\u85aa\u5e74\u5047"", ""\u8282\u65e5\u798f\u5229"", ""\u8282\u5047\u65e5\u52a0\u73ed\u8d39"", ""\u4e94\u9669\u4e00\u91d1"", ""\u5b9a\u671f\u4f53\u68c0"", ""\u96f6\u98df\u4e0b\u5348\u8336""]",hrbp,黄先生hrbp,0,兰桂骐,"https://img.bosszhipin.com/beijin/upload/com/workfeel/20220621/7bf6f160950405e93e4b90addb038ed41ffbd789635860d56af70543fde6a309bc9a7dbc85c2b980.jpg?x-oss-process=image/resize,w_100,limit_0",农/林/牧/渔,未融资,"[100, 499]",https://www.zhipin.com/job_detail/3e5c3919f5382a561X190tm4FVFQ.html?lid=9Q6WGFZ1wC0.search.20&securityId=EGHlQnBZzePxK-c1VyNusGcqODdVQXDS3-EUp9xgH8Irwj72Al3_D5yK5xP1QSMHiUoUtIeZ_JU8Z-EWRmSlOw0igvI336DcNibrsE0XRuR3c6Jcz9k~&sessionId=,https://www.zhipin.com/gongsi/9f82c36f23b099581nd43dS6FVc~.html,浦东新区
JAVA开发工程师,湘潭,java,大专,3-5年,"[""Spring"", ""MySQL"", ""\u8ba1\u7b97\u673a\u8f6f\u4ef6"", ""\u540e\u7aef\u5f00\u53d1""]","[8000, 10000]",0薪,"[""\u8282\u65e5\u798f\u5229"", ""\u4e94\u9669""]",人事,贺女士人事,0,湖南数通信息,"https://img.bosszhipin.com/beijin/mcs/chatphoto/20210312/792f70250a47de976422092f3ba11f8d7e9f216d76cedc2e590ff8abf5566381_s.jpg?x-oss-process=image/resize,w_100,limit_0",计算机软件,未融资,"[20, 99]",https://www.zhipin.com/job_detail/0c2e26b5fc0600b01nZy09q-FFVQ.html?lid=9Q6WGFZ1wC0.search.21&securityId=Z3TUzotoYy-Cf-w1MMd6igcXgENtQ0iEhBnzYNU66Yq1QnckJH64x28nLqQNHWXCn70BYajulA5vOh0SosMp8oaOgrnxVpyst0HX5atyaZO3c9tqldV7&sessionId=,https://www.zhipin.com/gongsi/1ded482cd328e3d61nB92ti0GVA~.html,岳塘区
java开发,南京,java,本科,经验不限,"[""Java"", ""\u5206\u5e03\u5f0f\u6280\u672f"", ""\u591a\u7ebf\u7a0b""]","[10000, 15000]",0薪,"[""\u4e94\u9669\u4e00\u91d1"", ""\u9910\u8865"", ""\u5458\u5de5\u65c5\u6e38"", ""\u5e26\u85aa\u5e74\u5047"", ""\u8282\u65e5\u798f\u5229"", ""\u96f6\u98df\u4e0b\u5348\u8336"", ""\u5e74\u7ec8\u5956"", ""\u52a0\u73ed\u8865\u52a9"", ""\u5b9a\u671f\u4f53\u68c0"", ""\u514d\u8d39\u73ed\u8f66""]",招聘主管,陈影招聘主管,0,中软国际,"https://img.bosszhipin.com/beijin/mcs/banner/5ceba8561d592ff6849e8a0525aacbfecfcd208495d565ef66e7dff9f98764da.jpg?x-oss-process=image/resize,w_100,limit_0",计算机软件,已上市,"[0, 10000]",https://www.zhipin.com/job_detail/9a0b9fb1f383f5573nV829m4GVE~.html?lid=9Q6WGFZ1wC0.search.22&securityId=qyfUyyFtiupqm-51CvXgcOJ7dc6NQ7-bpdhTq-pDteQlZntoKy64w0Rlpjo_pj63Wy2iW8DXrD5lT0yvl_b39hEDBu8tq3DnRmQNWjnTbMWr&sessionId=,https://www.zhipin.com/gongsi/2d208a8834e4a58203d43Q~~.html,雨花台区
Java应届生,合肥,java,本科,经验不限,"[""HTML"", ""\u5206\u5e03\u5f0f\u6280\u672f"", ""\u5fae\u670d\u52a1\u67b6\u6784"", ""SpringBoot""]","[5000, 10000]",0薪,"[""\u8282\u65e5\u798f\u5229"", ""\u4e94\u9669\u4e00\u91d1"", ""\u5e74\u7ec8\u5956"", ""\u96f6\u98df\u4e0b\u5348\u8336""]",人事经理,孟华菊人事经理,0,合肥微实信息工程...,"https://img.bosszhipin.com/beijin/app/mobile/normal-0e3f1e4441a21d4874cece3a3d81f0fe.png?x-oss-process=image/resize,w_100,limit_0",计算机软件,未融资,"[20, 99]",https://www.zhipin.com/job_detail/77f14f162319f3211nJ93t25E1JX.html?lid=9Q6WGFZ1wC0.search.23&securityId=wyx2SSWwd1KrU-D1QSoLk1C7bN0VF9uC3PvEtuq3Q4xjEf30oEFIjqp8QKC3CsiPhYN8Zm9w5h2xwxK7rg2Ix7exLdscC6WE24EX9X46RPmSSXNdhmw~&sessionId=,https://www.zhipin.com/gongsi/85d9ba61884f68b01nF92926ElI~.html,蜀山区
JAVA工程师,常州,java,学历不限,经验不限,"[""Java"", ""MySQL"", ""\u540e\u7aef\u5de5\u7a0b\u5e08"", ""Spring"", ""\u540e\u7aef\u5f00\u53d1"", ""\u6570\u636e\u5e93""]","[5000, 10000]",0薪,"[""\u96f6\u98df\u4e0b\u5348\u8336"", ""\u5458\u5de5\u751f\u65e5\u798f\u5229"", ""\u52a0\u73ed\u8865\u52a9"", ""\u4e94\u9669\u4e00\u91d1"", ""\u8282\u65e5\u798f\u5229"", ""\u901a\u8baf\u8865\u8d34"", ""\u5e26\u85aa\u5e74\u5047"", ""\u5e74\u7ec8\u5956"", ""\u805a\u9910\u56e2\u5efa"", ""\u5458\u5de5\u65c5\u6e38""]",人事,王女士人事,0,中安联科,"https://img.bosszhipin.com/beijin/upload/com/logo/20190830/0d8dc26c251a9445e0c406e4767160bb63145e5b441ac0f289ad2063d4c98bd2.jpg?x-oss-process=image/resize,w_100,limit_0",计算机软件,D轮及以上,"[20, 99]",https://www.zhipin.com/job_detail/3dce972cabc737101HJ50tu5E1U~.html?lid=9Q6WGFZ1wC0.search.24&securityId=UUAQCxmGCW3qN-e1k63q2YvJaamops7e4bK0E0F9krbArNbJCKLn-e3l8qQecLu5rmr2MVA6UKt0FQqnIBCcIMQomsFZnTa36WKjO0K4WdT_-Uhj&sessionId=,https://www.zhipin.com/gongsi/99408cbdf08114431nF40tq1Fw~~.html,武进区
Java,贵阳,java,本科,3-5年,"[""\u5168\u6808\u5de5\u7a0b\u5e08"", ""Java"", ""MyBatis""]","[10000, 15000]",0薪,无,招聘者,肖乾招聘者,0,贵州一枝梅信息科技,"https://img.bosszhipin.com/beijin/app/mobile/normal-0e3f1e4441a21d4874cece3a3d81f0fe.png?x-oss-process=image/resize,w_100,limit_0",移动互联网,未融资,"[20, 99]",https://www.zhipin.com/job_detail/c498ac9cbd3ac8521X1_2Nq6EFJQ.html?lid=9Q6WGFZ1wC0.search.25&securityId=XkcJBDvW_EPiZ-41mG4WoFpOelj7VkgVAl_Fc3AW7nL6ndXvxm3ep1_01uzQmUi7-khdS3RAXA2U3H9Tr-NFdmTlSZg15gYz9zDIZdcPOsiONsPrIvk~&sessionId=,https://www.zhipin.com/gongsi/d5753dbbdc075f961XB73ti7GVQ~.html,花溪区
Java,淮南,java,本科,3-5年,"[""Java\u5f00\u53d1\u7ecf\u9a8c"", ""\u5168\u6808\u5de5\u7a0b\u5e08"", ""Java"", ""MyBatis"", ""\u540e\u7aef\u5de5\u7a0b\u5e08"", """"]","[6000, 11000]",14薪,"[""\u5de5\u9f84\u5956"", ""\u5458\u5de5\u5bbf\u820d"", ""\u80a1\u7968\u671f\u6743"", ""\u5458\u5de5\u65c5\u6e38"", ""\u52a0\u73ed\u8865\u52a9"", ""\u4f4f\u623f\u8865\u8d34"", ""\u5b9a\u671f\u4f53\u68c0"", ""\u8282\u65e5\u798f\u5229"", ""\u514d\u8d39\u73ed\u8f66"", ""\u4e94\u9669\u4e00\u91d1"", ""\u5168\u52e4\u5956"", ""\u56e2\u5efa\u805a\u9910"", ""\u5305\u5403"", ""\u901a\u8baf\u8865\u8d34"", ""\u9910\u8865"", ""\u4ea4\u901a\u8865\u52a9"", ""\u5e74\u7ec8\u5956"", ""\u610f\u5916\u9669"", ""\u7ee9\u6548\u5956\u91d1"", ""\u8865\u5145\u533b\u7597\u4fdd\u9669""]",副总经理,祁先生副总经理,0,华印机电,"https://c-res.zhipin.com/jrs/b6a5d292c009f5e7ed3743c89cee9413.jpg?x-oss-process=image/resize,w_100,limit_0",数据服务,已上市,"[500, 999]",https://www.zhipin.com/job_detail/83d184ea7c5ac0f61Xdy2N60GFpW.html?lid=9Q6WGFZ1wC0.search.26&securityId=WQBTk2urBdxcc-v1nV8U_-rxiNkxxDNRdLZtZiG9KCjyJ_Wzl0UgnUOd8bGwRMh9xHsntP0HOmqaDcYje9k_uhpv5Gx086OIg8eQYDhBNYJdkrRqFXVG&sessionId=,https://www.zhipin.com/gongsi/1eacb28f07e564591nN-2tu0EFE~.html,大通区
Java,许昌,java,本科,经验不限,"[""Java"", ""\u540e\u7aef\u5f00\u53d1"", ""\u670d\u52a1\u5668\u914d\u7f6e"", ""Linux"", ""\u79fb\u52a8\u7aef"", ""PC\u7aef"", """", """"]","[5000, 10000]",0薪,"[""\u5458\u5de5\u65c5\u6e38"", ""\u4ea4\u901a\u8865\u52a9"", ""\u8282\u65e5\u798f\u5229"", ""\u5168\u52e4\u5956"", ""\u7ee9\u6548\u5956\u91d1"", ""\u9910\u8865"", ""\u4e94\u9669\u4e00\u91d1"", ""\u5de5\u9f84\u5956"", ""\u8282\u5047\u65e5\u52a0\u73ed\u8d39""]",总经理,刘锋涛总经理,0,初心智能,"https://img.bosszhipin.com/beijin/upload/com/logo/20190718/2dd3434860be19c4e67279faf77195740b27564703f20197e91fc1e25daee722.jpg?x-oss-process=image/resize,w_100,limit_0",计算机软件,未融资,"[20, 99]",https://www.zhipin.com/job_detail/3835c6350250228a0H1_0ty6E1E~.html?lid=9Q6WGFZ1wC0.search.27&securityId=YPc8ewdAMYrJU-Z15Rhe9Fbj7YZw6UfkNaiY3u1D8AS9Yw6AbAX3GMsawfGm6UKcDGP31MZRZhbtriqJevSyJNFQhOMafcURrVAE7wpdOWD9jMXZiw~~&sessionId=,https://www.zhipin.com/gongsi/519f29bab927ec2a03Z_09q0EQ~~.html,建安区
Java,徐州,java,大专,1-3年,"[""\u670d\u52a1\u5668\u914d\u7f6e"", ""SpringBoot"", ""SpringCloud"", ""Spring"", ""SpringMVC"", """", """"]","[6000, 8000]",0薪,"[""\u96f6\u98df\u4e0b\u5348\u8336"", ""\u5e74\u7ec8\u5956"", ""\u5b9a\u671f\u4f53\u68c0"", ""\u5e26\u85aa\u5e74\u5047"", ""\u7535\u5f71\u5361"", ""\u5065\u8eab\u5361"", ""\u8865\u5145\u533b\u7597\u4fdd\u9669"", ""\u5458\u5de5\u65c5\u6e38"", ""\u5168\u52e4\u5956"", ""\u8282\u65e5\u798f\u5229""]",文员,唐女士文员,0,江苏文旭,"https://img.bosszhipin.com/beijin/upload/com/workfeel/20210712/991cecc0428e8e519ec21b59c3d4a1bc9b68d53f041550d3f979a39f7398c074.jpg?x-oss-process=image/resize,w_100,limit_0",广告营销,未融资,"[100, 499]",https://www.zhipin.com/job_detail/95e77a670098ecee1nx82NW0E1JX.html?lid=9Q6WGFZ1wC0.search.28&securityId=YntR3w7xrxnWS-x1G8WL9iPu_m5boEgLQLPyHtkHsL8WdxmOMg7vpitkXyAoEpYcj5cUr_SJGY4bDWaWWKev_xHdsS7vQ_tqybvVAaquY0nPM_N5Rw~~&sessionId=,https://www.zhipin.com/gongsi/da539fe191201d4f0nR72966EA~~.html,云龙区
Java,淮安,java,大专,5-10年,"[""\u8f6f\u4ef6\u5de5\u7a0b\u5e08"", ""\u540e\u7aef\u5f00\u53d1""]","[6000, 10000]",0薪,"[""\u6709\u65e0\u7ebf\u7f51"", ""\u52a0\u73ed\u8865\u52a9"", ""\u5168\u52e4\u5956"", ""\u5e95\u85aa\u52a0\u63d0\u6210"", ""\u56e2\u5efa\u805a\u9910"", ""\u8282\u5047\u65e5\u52a0\u73ed\u8d39"", ""\u4fdd\u5e95\u5de5\u8d44"", ""\u7ee9\u6548\u5956\u91d1"", ""\u5e74\u7ec8\u5956""]",ceo,张先生ceo,0,义贤,"https://c-res.zhipin.com/jrs/3_e237f14c0ad877d8d19e470ee323b630.jpg?x-oss-process=image/resize,w_100,limit_0",互联网,不需要融资,"[20, 99]",https://www.zhipin.com/job_detail/47a7e24579882ec41XVz2NS0EFNU.html?lid=9Q6WGFZ1wC0.search.29&securityId=MWUk5AdPo4SwJ-Y1M_2AL2HPQudoCL5vgf83_gJuaW-cFfClfLpBh7QE0imitIaeifMrnPcIPvy7aBEUatBnvohkA0547cSBUQhwGqIPCKLd8396ato~&sessionId=,https://www.zhipin.com/gongsi/474106f72ea6bdcd1XZz2Nu-ElY~.html,
Java,苏州,java,大专,3-5年,"[""Java""]","[12000, 15000]",0薪,"[""\u5e74\u7ec8\u5956"", ""\u5e26\u85aa\u5e74\u5047"", ""\u5168\u52e4\u5956"", ""\u4e94\u9669\u4e00\u91d1"", ""\u52a0\u73ed\u8865\u52a9"", ""\u5305\u5403"", ""\u80a1\u7968\u671f\u6743"", ""\u8282\u65e5\u798f\u5229"", ""\u5458\u5de5\u65c5\u6e38"", ""\u514d\u8d39\u73ed\u8f66""]",招聘HR,王女士招聘HR,0,达伦,"https://img.bosszhipin.com/beijin/mcs/chatphoto/20180804/dde93b6209b4c6acc70afb1a2bcb07e354c93e306f38a70c6a04e00e88d5a55b.jpg?x-oss-process=image/resize,w_100,limit_0",家具/家电/家居,C轮,"[100, 499]",https://www.zhipin.com/job_detail/c0d924997bc198b51X192di0GVNX.html?lid=9Q6WGFZ1wC0.search.30&securityId=_KZJ4pwupLqi--21z3m9LrMBdmYcwjThmCZWFcsrZoLL15dBVLGM9hTUwPJHK1jrXCbFn-7hMeqloR_01avIwU-XZmZytn3F0JC0pCQ7wGGkHHwueg~~&sessionId=,https://www.zhipin.com/gongsi/7ab5eae2c10d6a0d1XB82du0Ew~~.html,常熟市
Java,烟台,java,本科,3-5年,"[""Java"", ""JavaScript"", ""MySQL""]","[7000, 12000]",0薪,"[""\u5305\u5403"", ""\u80a1\u7968\u671f\u6743"", ""\u8282\u65e5\u798f\u5229"", ""\u56e2\u5efa\u805a\u9910"", ""\u751f\u65e5\u798f\u5229"", ""\u5b9a\u671f\u4f53\u68c0"", ""\u5e74\u7ec8\u5956"", ""\u5de5\u9f84\u5956"", ""\u5e26\u85aa\u5e74\u5047"", ""\u5168\u52e4\u5956"", ""\u901a\u8baf\u8865\u8d34"", ""\u4e94\u9669\u4e00\u91d1""]",研发中心,李女士研发中心,0,捷瑞数字,"https://img.bosszhipin.com/beijin/mcs/chatphoto/20180409/1c68f069fd962c35727bbc8c5fd6a4dacfcd208495d565ef66e7dff9f98764da.jpg?x-oss-process=image/resize,w_100,limit_0",计算机软件,未融资,"[100, 499]",https://www.zhipin.com/job_detail/b313f205ac9833741XB70ty6GVtW.html?lid=9Q6WGFZ1wC0.search.31&securityId=Q7OvUbJulXeD7-018OjsJFBE-t05YqqrE7OHBLxSYOBJUnb_gFEzHhg3nfRRMhKeiAN2cB4gduwC4g_0D_mhsCLYwOrsQ-sabjSzdgsRSdSKs7QM9bo~&sessionId=,https://www.zhipin.com/gongsi/64f0f308345a68d31nN729S7Fw~~.html,莱山区
Java工程师,长沙,java,本科,1-3年,"[""\u540e\u7aef\u5de5\u7a0b\u5e08"", ""Java"", ""MySQL"", ""JavaScript"", """", """"]","[8000, 12000]",13薪,"[""\u4e94\u9669\u4e00\u91d1""]",HR,舒先生HR,0,舍于网络,"https://img.bosszhipin.com/beijin/app/mobile/normal-0e3f1e4441a21d4874cece3a3d81f0fe.png?x-oss-process=image/resize,w_100,limit_0",互联网,未融资,"[20, 99]",https://www.zhipin.com/job_detail/180dca295a11b3b71X173t-7FVNX.html?lid=9Q6WGFZ1wC0.search.32&securityId=9pnj91nCO01Uy-Q17Rar2BtO-FbuJH8uKG8enc_5car7XbFz2rKOI38i5gszwoqhK1Tl09ZorJBdKraTqWlKt54lWhRwS-XToZb3ipp4D73N2sFx&sessionId=,https://www.zhipin.com/gongsi/90f40137d95a489e33dy2dm1.html,岳麓区
Java,西安,java,本科,经验不限,"[""Java"", ""C/C++"", ""JavaScript"", ""\u8ba1\u7b97\u673a/\u8f6f\u4ef6\u5de5\u7a0b\u76f8\u5173\u7ecf\u9a8c"", """", """"]","[15000, 30000]",16薪,"[""\u4e94\u9669\u4e00\u91d1"", ""\u52a0\u73ed\u8865\u52a9"", ""\u8282\u65e5\u798f\u5229"", ""\u5b9a\u671f\u4f53\u68c0"", ""\u96f6\u98df\u4e0b\u5348\u8336"", ""\u5e26\u85aa\u5e74\u5047"", ""\u5458\u5de5\u65c5\u6e38"", ""\u5e74\u7ec8\u5956""]",后端开发,王先生后端开发,0,腾讯云,"https://img.bosszhipin.com/beijin/upload/com/logo/20200325/b5ed0f2e459ce598579e5827df0d839a467b051e4c0207a451d1120438df7231.png?x-oss-process=image/resize,w_100,limit_0",互联网,已上市,"[1000, 9999]",https://www.zhipin.com/job_detail/df11bfc2bfd2c6a31Xxy2t-1ElVW.html?lid=9Q6WGFZ1wC0.search.33&securityId=LEcrSkV1ZYtBP-X1U3-sRKn2Q7aBh0qji9xDAgwpAizDke9gi6FqInEgTScpfcmLXK-j2JgDWQw0mTZUPWpQoLjPswIjkdJFt8XVPaHEGJ3PCw2qOg~~&sessionId=,https://www.zhipin.com/gongsi/e0f635e27a94e2c90HFz09u1EA~~.html,雁塔区
java（现场面试）,深圳,java,大专,3-5年,"[""\u540e\u7aef\u5de5\u7a0b\u5e08"", ""\u8ba1\u7b97\u673a/\u8f6f\u4ef6\u5de5\u7a0b\u76f8\u5173\u7ecf\u9a8c"", ""\u5206\u5e03\u5f0f\u7cfb\u7edf\u5f00\u53d1\u7ecf\u9a8c""]","[15000, 23000]",0薪,"[""\u96f6\u98df\u4e0b\u5348\u8336"", ""\u514d\u8d39\u73ed\u8f66"", ""\u5e26\u85aa\u5e74\u5047"", ""\u8282\u65e5\u798f\u5229"", ""\u4e94\u9669\u4e00\u91d1""]",HR,曹女士HR,0,武汉新致,"https://img.bosszhipin.com/beijin/upload/com/logo/20210423/6fbae351312e4d07ebf668d22cf89b4ef0847cbf4ea1ebbfd686e6ff474d2dff.png?x-oss-process=image/resize,w_100,limit_0",计算机软件,已上市,"[1000, 9999]",https://www.zhipin.com/job_detail/34abf233d15786bd1HR72t61EFdQ.html?lid=9Q6WGFZ1wC0.search.34&securityId=9YhjuIlZ1AiAe-f1EeZI-_4POW3Kg2Vr6SKvXK_5Os0Fl6t_npgo-HZ3oYvlZGTS_tVaewsLK-uIL9IuOSwEaCENB6sNZfR5Wf_Q1mrQBUDeAfNKxGQ~&sessionId=,https://www.zhipin.com/gongsi/4a99a5fdd637b4b61nF82di1F1c~.html,福田区
Java,天津,java,本科,5-10年,"[""Java"", ""Spring"", ""JavaScript"", ""\u8ba1\u7b97\u673a/\u8f6f\u4ef6\u5de5\u7a0b\u76f8\u5173\u7ecf\u9a8c"", """"]","[10000, 15000]",0薪,无,负责人,李女士负责人,0,云天数创,"https://img.bosszhipin.com/beijin/icon/894ce6fa7e58d64d57e7f22d2f3a9d18afa7fcceaa24b8ea28f56f1bb14732c0.png?x-oss-process=image/resize,w_100,limit_0",计算机软件,未融资,"[20, 99]",https://www.zhipin.com/job_detail/478ff18fffd9154f1XN709S1EVRW.html?lid=9Q6WGFZ1wC0.search.35&securityId=hWYoyBPvIpx8a-W1rXq2ptynGUtcqSZhhmrqKytZK0FBg3YUCw-MsESgSRgQaHsZj0X-9rLHZmu7aGEFs8uHqIl9wENMRBTFQmvONiKdbCkql_zAgN5U&sessionId=,https://www.zhipin.com/gongsi/1774aff8bf0586a71XF52di5FlU~.html,河东区
Java开发工程师,武汉,java,大专,1-3年,"[""SQL"", ""HTML"", ""CSS"", ""\u591a\u7ebf\u7a0b"", ""\u670d\u52a1\u5668\u914d\u7f6e"", ""Spring"", """", """"]","[10000, 15000]",14薪,"[""\u4e94\u9669\u4e00\u91d1"", ""\u5b9a\u671f\u4f53\u68c0"", ""\u5e74\u7ec8\u5956"", ""\u5e26\u85aa\u5e74\u5047"", ""\u5458\u5de5\u65c5\u6e38"", ""\u9910\u8865"", ""\u8282\u65e5\u798f\u5229""]",招聘,唐女士招聘,0,富友支付,"https://img.bosszhipin.com/beijin/mcs/chatphoto/20190218/75d1f33dc86e7565dec02e8d996acc86170a0ab9e07b24ab5b644fb0a804fd4a.jpg?x-oss-process=image/resize,w_100,limit_0",互联网金融,不需要融资,"[100, 499]",https://www.zhipin.com/job_detail/275046d9753ce6981n183tS-FFBT.html?lid=9Q6WGFZ1wC0.search.36&securityId=giXsR1WuKvRfk-A1uDG7iCCbS88snmJs0_QM5gSksCDSNvSGnvab5AVPw-xsEjVCLIlgc4Y90oMRGHBKWSZ8nQ9KHeJmTjWCb7RXffT86pL86n8~&sessionId=,https://www.zhipin.com/gongsi/d0d24c172e4da85b0HB629S1.html,洪山区
Java,保定,java,大专,1-3年,"[""Java"", ""JavaScript""]","[5000, 8000]",0薪,"[""\u5458\u5de5\u65c5\u6e38"", ""\u8282\u65e5\u798f\u5229""]",营业部经理,郭昊营业部经理,0,河北燕山,"https://img.bosszhipin.com/beijin/icon/894ce6fa7e58d64d57e7f22d2f3a9d18afa7fcceaa24b8ea28f56f1bb14732c0.png?x-oss-process=image/resize,w_100,limit_0",检测/认证,不需要融资,"[0, 20]",https://www.zhipin.com/job_detail/418db43851651d431XN829W1FlJU.html?lid=9Q6WGFZ1wC0.search.37&securityId=-91Ov9CPT4bvY-P1b08XbEn6H9jFIfGZxUi40LyPViX4BwbApOleFZOJrOQU-m2QROrxnqmREAsgI-ea0oWfp18m3gtYT-bcq_VgDgBVb34_p19Opw~~&sessionId=,https://www.zhipin.com/gongsi/024aed8b7330cc880XZ72Nu5FA~~.html,莲池区
java开发,济南,java,本科,3-5年,"[""\u540e\u7aef\u5de5\u7a0b\u5e08"", ""Java"", ""Spring"", ""\u8ba1\u7b97\u673a/\u8f6f\u4ef6\u5de5\u7a0b\u76f8\u5173\u7ecf\u9a8c"", """"]","[7000, 12000]",0薪,无,招聘经理,于先生招聘经理,0,山东华科,"https://img.bosszhipin.com/beijin/icon/894ce6fa7e58d64d57e7f22d2f3a9d18afa7fcceaa24b8ea28f56f1bb14732c0.png?x-oss-process=image/resize,w_100,limit_0",互联网,未融资,"[100, 499]",https://www.zhipin.com/job_detail/0ce49ed908bb6ae11Xx52dm-FFpW.html?lid=9Q6WGFZ1wC0.search.38&securityId=uiExnVLY2rNYz-s1rDywzhUEHB-TtzmJZpUleAmsnsT8qPLBzszlBRAZRoDFc4ZdtO4aHNjBVlqeAw4lFln9g-Lbgce7zx7zZoyiDlyeYUs6QqYatzo~&sessionId=,https://www.zhipin.com/gongsi/9f217227dd3364951X1y3N61FA~~.html,市中区
兰州高级java,兰州,java,本科,5-10年,"[""\u540e\u7aef\u5de5\u7a0b\u5e08"", ""Java"", ""\u8ba1\u7b97\u673a/\u8f6f\u4ef6\u5de5\u7a0b\u76f8\u5173\u7ecf\u9a8c""]","[10000, 13000]",13薪,"[""\u4e94\u9669\u4e00\u91d1"", ""\u52a0\u73ed\u8865\u52a9"", ""\u8282\u65e5\u798f\u5229"", ""\u5e26\u85aa\u5e74\u5047"", ""\u5b9a\u671f\u4f53\u68c0"", ""\u5e74\u7ec8\u5956""]",招聘,郑先生招聘,0,北京国通合众,"https://img.bosszhipin.com/beijin/mcs/chatphoto/20170105/0933a14331210a610862c6e454a68ba453ace5411046aba7be218d6d9c37d0e9.jpg?x-oss-process=image/resize,w_100,limit_0",计算机软件,不需要融资,"[1000, 9999]",https://www.zhipin.com/job_detail/93b45da0fd1965941HR42NS_EldT.html?lid=9Q6WGFZ1wC0.search.39&securityId=wlmHDlsiJG48b-D1BV8hC-YlS3NxruHiHoBbtIrwXphqIe7YxvFOEP9sUJ0aBEbz3vfsWSFYXXLE_pto28AKNnvz8zUvGukq4B0-oL2hMfkdexNF&sessionId=,https://www.zhipin.com/gongsi/dbb1db1d7557695f1nV40tm-.html,城关区
Java,西安,java,本科,1-3年,"[""\u540e\u7aef\u5de5\u7a0b\u5e08"", ""Java"", ""C/C++"", ""JavaScript"", """", """", """"]","[4000, 9000]",0薪,"[""\u5e95\u85aa\u52a0\u63d0\u6210"", ""\u4fdd\u5e95\u5de5\u8d44"", ""\u4e94\u9669\u4e00\u91d1"", ""\u5168\u52e4\u5956"", ""\u7ee9\u6548\u5956\u91d1""]",经理,钱先生经理,0,西安陆龙计算机技...,"https://img.bosszhipin.com/beijin/app/mobile/normal-0e3f1e4441a21d4874cece3a3d81f0fe.png?x-oss-process=image/resize,w_100,limit_0",生活服务,未融资,"[20, 99]",https://www.zhipin.com/job_detail/d1ab5d94aa36e32a1X1429y-FVtT.html?lid=9Q6WGFZ1wC0.search.40&securityId=6nRHQL5V1PmvE-7105_SG9MRK-nVrQ4cSeH4bKDJogl9xtHymNlE6oq0Fl6hdWiTbDHoBtthDezmo0dLZoReM3CFEVxZWW2aTYm-WHwCyfwCqr8VmBga&sessionId=,https://www.zhipin.com/gongsi/f05ec8795197fdc61ndy3961GFU~.html,雁塔区
初级Java,常州,java,本科,1-3年,"[""HTML"", ""CSS"", ""\u641c\u7d22\u5f15\u64ce\u6280\u672f"", ""Spring"", ""SpringMVC"", ""Netty"", """", """"]","[6000, 11000]",0薪,"[""\u52a0\u73ed\u8865\u52a9"", ""\u96f6\u98df\u4e0b\u5348\u8336"", ""\u8282\u65e5\u798f\u5229"", ""\u5e74\u7ec8\u5956"", ""\u5458\u5de5\u65c5\u6e38"", ""\u4e94\u9669\u4e00\u91d1""]",人事,黄贤飞人事,0,昊泽科技,"https://img.bosszhipin.com/beijin/upload/com/logo/20210827/7b5b554d84f9729c59c6b62981c438d6c72a0da4cf05b9e97e0ddb4c483238ae40e0c23fd13ffaa6.jpg?x-oss-process=image/resize,w_100,limit_0",医疗健康,不需要融资,"[20, 99]",https://www.zhipin.com/job_detail/bac8e557356209ce1nJ-29-1EFdQ.html?lid=9Q6WGFZ1wC0.search.41&securityId=QAF5F0FNuIlZd-O1m_RGiQk6XpNLa3r9NUoGTGXwiKC8bCb71yMsQ-H3VWikOPcM5UN10o2X-HgzexVpGYxADQI2ykunPqvkCzmbPFXpQxK_D59e5w~~&sessionId=,https://www.zhipin.com/gongsi/cee3a4139a28a5121HR439u8GA~~.html,
Java,郑州,java,本科,3-5年,"[""\u540e\u7aef\u5de5\u7a0b\u5e08"", ""Java"", ""Spring""]","[10000, 15000]",0薪,"[""\u4e94\u9669\u4e00\u91d1""]",招聘者,刘先生招聘者,0,青岛创度,"https://img.bosszhipin.com/beijin/mcs/chatphoto/20200827/60e38c10c00d86e8440f7c38ba8dd95ffb0032ffec43b838ceef7af1cd36d325_s.jpg?x-oss-process=image/resize,w_100,limit_0",计算机软件,不需要融资,"[0, 20]",https://www.zhipin.com/job_detail/731f778b090967391X193d26GFFX.html?lid=9Q6WGFZ1wC0.search.42&securityId=vX7XfQCWSzITb-81ZSVjf23gPdWHiX3bC-e34Ka-gdYotBcZB20Ags3ioTXdDOaZKF1jMQo6Z_lugEffISnlINOoaMNS5emxOIB54d0BB9_ahbGyChY~&sessionId=,https://www.zhipin.com/gongsi/aa04bea7291a8ee11XZ83926FA~~.html,金水区
java开发,杭州,java,本科,1-3年,"[""\u540e\u7aef\u5de5\u7a0b\u5e08"", ""Java"", ""Spring"", ""JavaScript"", """", """"]","[11000, 22000]",0薪,"[""\u8282\u65e5\u798f\u5229"", ""\u4ea4\u901a\u8865\u52a9"", ""\u9910\u8865"", ""\u4e94\u9669\u4e00\u91d1"", ""\u5458\u5de5\u65c5\u6e38"", ""\u901a\u8baf\u8865\u8d34"", ""\u5e26\u85aa\u5e74\u5047""]",招聘专员,张女士招聘专员,0,晶朝数字,"https://img.bosszhipin.com/beijin/app/mobile/normal-0e3f1e4441a21d4874cece3a3d81f0fe.png?x-oss-process=image/resize,w_100,limit_0",互联网,未融资,"[20, 99]",https://www.zhipin.com/job_detail/6e25d8c892af89cc1X142d67E1RT.html?lid=9Q6WGFZ1wC0.search.43&securityId=aN7PEwwyPKz0f-m1TmPGEQRIweZLr8VhXFslvbeXKhWKAYVabjFBex77-55I_eg_JByLzW4JVhOSPR-0CiAdf2AtlASn92uwvH69n5EsHNZhmHHC2JA~&sessionId=,https://www.zhipin.com/gongsi/38671bc3e70c16531nZ-3Ny1Fls~.html,拱墅区
Java,杭州,java,大专,3-5年,"[""\u540e\u7aef\u5de5\u7a0b\u5e08"", ""\u5168\u6808\u5de5\u7a0b\u5e08"", ""Java"", ""JavaScript""]","[15000, 25000]",0薪,"[""\u9879\u76ee\u5956\u91d1"", ""\u6d77\u5916\u5de5\u4f5c\u673a\u4f1a"", ""\u591a\u6b21\u664b\u5347\u673a\u4f1a"", ""\u5927\u725b\u5e26\u961f"", ""\u56e2\u5efa\u805a\u9910"", ""\u5458\u5de5\u65c5\u6e38"", ""\u7ee9\u6548\u5956\u91d1""]",hr,潘剑平hr,0,华企链,"https://img.bosszhipin.com/beijin/icon/894ce6fa7e58d64d57e7f22d2f3a9d18afa7fcceaa24b8ea28f56f1bb14732c0.png?x-oss-process=image/resize,w_100,limit_0",计算机软件,未融资,"[20, 99]",https://www.zhipin.com/job_detail/4ad270a43282b8fd1X173NS_EFZT.html?lid=9Q6WGFZ1wC0.search.45&securityId=3mTgkuCA2h_qV-F1uK3tdAy52yscLYnjyX6JlpVjiJ4eepSYG76uJcSlwgF-AL6lcpgrntmGvL6yT_73HCTLHDYtNCODVWEbAxh6pbdvL6SenleXDGOe&sessionId=,https://www.zhipin.com/gongsi/dd69c6118825fae81n152du8GFQ~.html,萧山区
Java,南昌,java,本科,1-3年,"[""\u540e\u7aef\u5de5\u7a0b\u5e08""]","[15000, 16000]",0薪,无,招聘者,廖先生招聘者,0,南昌沉默式晶电子商务,"https://img.bosszhipin.com/beijin/icon/894ce6fa7e58d64d57e7f22d2f3a9d18afa7fcceaa24b8ea28f56f1bb14732c0.png?x-oss-process=image/resize,w_100,limit_0",电子商务,未融资,"[0, 20]",https://www.zhipin.com/job_detail/ae7ec4f6660a3c9d1HR63tq8ElNX.html?lid=9Q6WGFZ1wC0.search.46&securityId=0v9DqlyXo2o6H-11YYzgf7PqWYg7zEgS9_2DBT_F-vWOyjJARBNTK9R6UClsUZtcIMGRU4czjjMcjGmK-NxJKhJYFw7rVAk4-83CqgkQmTTZdiedNk3C&sessionId=,https://www.zhipin.com/gongsi/7ec2c0e62faa2d691XNy0tu_FlI~.html,青山湖区
java开发工程师,泰安,java,本科,3-5年,"[""Java"", ""JavaScript"", ""MySQL""]","[4000, 8000]",0薪,"[""\u7ee9\u6548\u5956\u91d1"", ""\u5305\u5403"", ""\u5de5\u9f84\u5956"", ""\u56e2\u5efa\u805a\u9910"", ""\u5b9a\u671f\u4f53\u68c0"", ""\u4fdd\u5e95\u5de5\u8d44"", ""\u5e95\u85aa\u52a0\u63d0\u6210"", ""\u4e94\u9669\u4e00\u91d1""]",HRBP,杨女士HRBP,0,远望数字科技,"https://img.bosszhipin.com/beijin/upload/com/workfeel/20230115/7bf6f160950405e976d0e1cd669b4b7e0274d08ce48c3a5fee07ebde1af77a599aeb4dfa4f480282.jpg?x-oss-process=image/resize,w_100,limit_0",电子商务,不需要融资,"[20, 99]",https://www.zhipin.com/job_detail/ef7d67d7ce6064ad1XJ70tu7ElFT.html?lid=9Q6WGFZ1wC0.search.48&securityId=UWS03n8aF1t3C-E1f7VE0C2TVfmusYTv6nngY9JBUpCs7mUhKEJjo5HzgxG7j5hubx5o3X9SB00K_OqhyXEI9-4VhTawpYXUJz_RDaFvUCgjAwsdP2wc&sessionId=,https://www.zhipin.com/gongsi/89ba6e29a982d6d51XZ_2961E1E~.html,
java开发,成都,java,学历不限,1-3年,"[""\u540e\u7aef\u5de5\u7a0b\u5e08"", ""Java"", ""\u8ba1\u7b97\u673a/\u8f6f\u4ef6\u5de5\u7a0b\u76f8\u5173\u7ecf\u9a8c"", ""Java\u5f00\u53d1\u7ecf\u9a8c""]","[6000, 10000]",13薪,"[""\u8282\u65e5\u798f\u5229"", ""\u52a0\u73ed\u8865\u52a9"", ""\u5e26\u85aa\u5e74\u5047"", ""\u5e74\u7ec8\u5956"", ""\u5458\u5de5\u65c5\u6e38"", ""\u4e94\u9669\u4e00\u91d1""]",总裁/总经理/CEO,周勇总裁/总经理/CEO,0,祖安科技,"https://img.bosszhipin.com/beijin/app/mobile/normal-0e3f1e4441a21d4874cece3a3d81f0fe.png?x-oss-process=image/resize,w_100,limit_0",计算机软件,未融资,"[20, 99]",https://www.zhipin.com/job_detail/2536aec353426f271HR639u_F1JU.html?lid=9Q6WGFZ1wC0.search.49&securityId=KzpfVRQPnjIl--I15aTDL1ZfyZnynMjq7ppkrr5MYGdbFw3hnMpuCsGJqxb0jY_6Ttgr6Z6IGZgXaubrdf9wzW621Sl_wofagoi8KHW02DLzntzO7ZA~&sessionId=,https://www.zhipin.com/gongsi/33017c6d149997871nJ539-9EFs~.html,武侯区
JAVA,烟台,java,大专,1-3年,"[""Java""]","[9000, 12000]",0薪,无,招聘HR,刘女士招聘HR,0,深圳睿服科技有限公司,"https://img.bosszhipin.com/beijin/icon/894ce6fa7e58d64d57e7f22d2f3a9d18afa7fcceaa24b8ea28f56f1bb14732c0.png?x-oss-process=image/resize,w_100,limit_0",计算机软件,未融资,"[500, 999]",https://www.zhipin.com/job_detail/9355c417deb3d1ec1Xx73d61F1JQ.html?lid=9Q6WGFZ1wC0.search.50&securityId=7kOv_oDHHJYCW-E1o2EqJ2sqqjbvDw0_hLFnNkA890p95Dk7sTNSvzTPNVT36MyBGinQcXGetNcgR-T8JBbFfgkevdQ7UbHlD9h2-MMwGle7pjMS2LQ~&sessionId=,https://www.zhipin.com/gongsi/41cb6016f06ef5e41XJ_29S9GFQ~.html,芝罘区
Java,北京,java,本科,1-3年,"[""Java\u5f00\u53d1\u7ecf\u9a8c"", ""Java"", ""\u4e2d\u5927\u578b\u9879\u76ee\u67b6\u6784\u8bbe\u8ba1\u7ecf\u9a8c"", ""MyBatis"", """", """", """"]","[14000, 20000]",0薪,"[""\u4e94\u9669\u4e00\u91d1"", ""\u5458\u5de5\u65c5\u6e38"", ""\u5e74\u7ec8\u5956"", ""\u80a1\u7968\u671f\u6743"", ""\u8282\u65e5\u798f\u5229"", ""\u514d\u8d39\u73ed\u8f66"", ""\u4ea4\u901a\u8865\u52a9"", ""\u8865\u5145\u533b\u7597\u4fdd\u9669"", ""\u9910\u8865"", ""\u96f6\u98df\u4e0b\u5348\u8336""]",基础架构技术专家,余先生基础架构技术专家,0,阿里巴巴集团,"https://img.bosszhipin.com/beijin/upload/com/workfeel/20220316/7bf6f160950405e9282fe33181a1523803562870c4e2cc4a242ac4eb7bbd10d1694083156ab76fdb.jpg?x-oss-process=image/resize,w_100,limit_0",互联网,已上市,"[0, 10000]",https://www.zhipin.com/job_detail/9b5988705e4796521Xx_2di8FlZX.html?lid=9Q6WGFZ1wC0.search.51&securityId=Qv2sNoSDQWSAp-a1cJsLJVI_D-S_9AxJZeBMOTI9fogi89X70xjKB2V75GltDDpdy7y7JY4uzL-Zje9S5tDy45C514khK5SJLFiazYftwfYK&sessionId=,https://www.zhipin.com/gongsi/5d627415a46b4a750nJ9.html,西城区
JAVA,深圳,java,本科,经验不限,"[""HTML"", ""CSS"", ""\u591a\u7ebf\u7a0b"", ""\u670d\u52a1\u5668\u914d\u7f6e"", ""\u8f6f\u4ef6\u5de5\u7a0b\u5e08""]","[26000, 35000]",0薪,"[""\u5e26\u85aa\u5e74\u5047"", ""\u96f6\u98df\u4e0b\u5348\u8336"", ""\u5e95\u85aa\u52a0\u63d0\u6210"", ""\u4fdd\u5e95\u5de5\u8d44"", ""\u56e2\u5efa\u805a\u9910"", ""\u5e74\u7ec8\u5956"", ""\u514d\u8d39\u5de5\u88c5"", ""\u4e94\u9669\u4e00\u91d1"", ""\u7ee9\u6548\u5956\u91d1"", ""\u5168\u52e4\u5956""]",经理,郭冬经理,0,泽熙网络,"https://img.bosszhipin.com/beijin/upload/com/logo/20190718/655c0a0d83d01188c1e62ca13627f012d239fda9557cf5583349e1b4a6de9cc6.png?x-oss-process=image/resize,w_100,limit_0",计算机软件,天使轮,"[20, 99]",https://www.zhipin.com/job_detail/5d582d0351977bb01nZ62tq4F1ZQ.html?lid=9Q6WGFZ1wC0.search.52&securityId=t57UVoNvVTJyx-W1O91RQHD8WYHk4VOVDRafvrUgLGhhkRZ64lhcP26rNSSuGTFChNTdLoIpswZIFRue5sqvnLJbLMHGEfOT_g4CEdX7hVGKHnG_zQ~~&sessionId=,https://www.zhipin.com/gongsi/ec0b7ab008ae8e591nx_2Nu5FA~~.html,龙岗区
java实习生,银川,java,大专,应届生,"[""Java"", ""HTML5"", ""Javascript""]","[2000, 3000]",0薪,"[""\u901a\u8baf\u8865\u8d34"", ""\u4e94\u9669\u4e00\u91d1"", ""\u9910\u8865"", ""\u9879\u76ee\u5956"", ""\u4ea4\u901a\u8865\u52a9"", ""\u8282\u65e5\u798f\u5229""]",部门经理,张轶部门经理,0,光耀电力,"https://img.bosszhipin.com/beijin/upload/com/logo/20210726/06a7acd72696bdf6739b2d46d47d12b27301d6387d7d64b1a594c3b46ff216f6.jpg?x-oss-process=image/resize,w_100,limit_0",计算机软件,未融资,"[100, 499]",https://www.zhipin.com/job_detail/daa9659a83a0d9981nN83ti7EVY~.html?lid=9Q6WGFZ1wC0.search.53&securityId=YLL7DHkrh5QkZ-y1UvZZSgDo6wmHrt3L2W_c_EPu61IdRSMBgRlVdmLJH29FJsXYDdPHB20w_qBZHlQXo9Rgt4AbLKmpU_CYXrR3en6GcyjesNI~&sessionId=,https://www.zhipin.com/gongsi/745bc84eb7fe392f0n160tu1.html,金凤区
java架构师,南京,java,学历不限,5-10年,"[""\u5168\u6808\u5de5\u7a0b\u5e08"", ""\u67b6\u6784\u5e08"", ""javaweb""]","[15000, 20000]",0薪,"[""\u6709\u65e0\u7ebf\u7f51"", ""\u4fdd\u5e95\u5de5\u8d44"", ""\u56e2\u5efa\u805a\u9910"", ""\u5305\u5403"", ""\u80a1\u7968\u671f\u6743"", ""\u96f6\u98df\u4e0b\u5348\u8336"", ""\u8282\u65e5\u798f\u5229"", ""\u4e94\u9669\u4e00\u91d1"", ""\u5e95\u85aa\u52a0\u63d0\u6210""]",招聘者,李先生招聘者,0,光核科技（江苏）,"https://img.bosszhipin.com/beijin/upload/com/logo/20230613/7b5b554d84f9729cf49cd87e3d4ae4c5d9400a5287aee339a7de8f51043909590621c96376b8ced7.jpg?x-oss-process=image/resize,w_100,limit_0",互联网,天使轮,"[20, 99]",https://www.zhipin.com/job_detail/980b8cd4dca805971X1z09S8EFNQ.html?lid=9Q6WGFZ1wC0.search.54&securityId=0qtmXBIcLBMP0-a1nUy6vX7FITTwHmWpUhD46uLluUFDd0lA6OpCoIEB0dGW5zuDpPSp7cbN_J-Je6aZ72IJe93gE4trNrtSIUMj1r3CAhBkmgqDQyQ~&sessionId=,https://www.zhipin.com/gongsi/c70a89c34baf87491XB-2d6-Flc~.html,鼓楼区
Java 开发工程师,孝感,java,本科,5-10年,"[""\u540e\u7aef\u5de5\u7a0b\u5e08"", ""\u5168\u6808\u5de5\u7a0b\u5e08"", ""\u7559\u5b66\u751f\u4f18\u5148"", ""Java"", ""MySQL"", """", """", """", """"]","[15000, 25000]",0薪,"[""\u4ea4\u901a\u8865\u52a9"", ""\u7ee9\u6548\u5956\u91d1"", ""\u901a\u8baf\u8865\u8d34"", ""\u56e2\u5efa\u805a\u9910"", ""\u5305\u5403"", ""\u5458\u5de5\u65c5\u6e38"", ""\u5e26\u85aa\u5e74\u5047"", ""\u4f4f\u623f\u8865\u8d34"", ""\u4f01\u4e1a\u5e74\u91d1"", ""\u5de5\u9f84\u5956"", ""\u80a1\u7968\u671f\u6743"", ""\u8282\u5047\u65e5\u52a0\u73ed\u8d39"", ""\u6cd5\u5b9a\u8282\u5047\u65e5\u4e09\u85aa"", ""\u5168\u52e4\u5956"", ""\u4fdd\u5e95\u5de5\u8d44""]",人事经理,李先生人事经理,0,琦迹网络,"https://img.bosszhipin.com/beijin/upload/com/workfeel/20230602/7bf6f160950405e94d145703822cdc5c1255ebe6be678f7d410ee05a425dca6a8966fa90c5285028.jpg?x-oss-process=image/resize,w_100,limit_0",计算机软件,不需要融资,"[20, 99]",https://www.zhipin.com/job_detail/60df3085491ba3f61Xx92dy7GFRW.html?lid=9Q6WGFZ1wC0.search.55&securityId=LctWYRFaKb8mr-417S5o3cxTSoEl-5K5FAPdkl9Q3v2jb2JKdV-3q5339SGJAXobBqrYCvMqc7VsBJKOuA5Db7pDUEmI7k5z5AzIDgIWZghju7cREuxu&sessionId=,https://www.zhipin.com/gongsi/e07ecdcb6bf338821XN_09W-FVM~.html,孝南区
Java,北京,java,大专,1-3年,"[""Java"", ""\u5fae\u670d\u52a1\u67b6\u6784"", ""SpringMVC""]","[10000, 15000]",0薪,无,经理助理,刘博宇经理助理,0,点动互联,"https://img.bosszhipin.com/beijin/app/mobile/normal-0e3f1e4441a21d4874cece3a3d81f0fe.png?x-oss-process=image/resize,w_100,limit_0",计算机软件,未融资,"[20, 99]",https://www.zhipin.com/job_detail/cf2d2282ea694ca93n183t66EFY~.html?lid=9Q6WGFZ1wC0.search.56&securityId=FsJRYuKTTEo3D-b1VpDgnBdY9gvuhBXATlsM9HOKsa2cB41kgblNm7-VG7ipUQDfx9jCYVIn4LCla5X63EHIcn3vzK9cN2KT7blE2Zx7vKLaDvvt&sessionId=,https://www.zhipin.com/gongsi/11d1ce0f8be5ed9f1nZ63dm_Ew~~.html,昌平区
Java,曲靖,java,本科,3-5年,"[""\u540e\u7aef\u5f00\u53d1"", ""Java"", ""Spring"", ""SpringBoot"", ""SpringCloud""]","[3000, 7000]",0薪,"[""\u5e74\u7ec8\u5956"", ""\u8865\u5145\u533b\u7597\u4fdd\u9669""]",经理,唐鹏前经理,0,奇讯科技,"https://c-res.zhipin.com/jrs/1_d5d70e741a8662b596c203b03be54844.jpg?x-oss-process=image/resize,w_100,limit_0",计算机软件,未融资,"[0, 20]",https://www.zhipin.com/job_detail/f6f533aaee0712751nV_3tS9GFdX.html?lid=9Q6WGFZ1wC0.search.58&securityId=2MvEWE1hODGzs-o1RvKnKfQp54fPjyx1qrjM-UGwUeRrmo7MMqMLIUFn6bV-uzIv1UbF1fLrvWYbEtDkPKDpiu9BNuZBUbjmBD-rZf0j5PRc23VhXRw~&sessionId=,https://www.zhipin.com/gongsi/8b081d4c1b7c93511nB909q0GFM~.html,麒麟区
JAVA开发,广州,java,大专,3-5年,"[""Java""]","[12000, 18000]",0薪,"[""\u4e94\u9669\u4e00\u91d1"", ""\u5e74\u7ec8\u5956"", ""\u8282\u65e5\u798f\u5229"", ""\u96f6\u98df\u4e0b\u5348\u8336"", ""\u5e26\u85aa\u5e74\u5047""]",招聘,张彩云招聘,0,润建股份,"https://img.bosszhipin.com/beijin/upload/com/logo/20190516/e8677c7ea1ef65b082944e655a1972231b521e9a3944632743f67902351a8d15.jpg?x-oss-process=image/resize,w_100,limit_0",移动互联网,已上市,"[1000, 9999]",https://www.zhipin.com/job_detail/3a348076fcb9686b1XF_2tS6EFFX.html?lid=9Q6WGFZ1wC0.search.59&securityId=O69Y6mOciwze9-m1QJXaTB16Ete83gkCKjVDdYpNKSd4IT32d7RAGpXEH54YeYVh5xWjgvopRNXpwBhYwZO2I-IMaoCqPRJ9a9u8_JTR0ChYdWSXXjU~&sessionId=,https://www.zhipin.com/gongsi/1869403be6a7cac903B62dm5GA~~.html,黄埔区
JAVA工程师,台州,java,本科,经验不限,"[""SQL"", ""CSS"", ""\u591a\u7ebf\u7a0b"", ""Spring"", ""Hibernate"", ""Struts"", ""Oracle""]","[5000, 10000]",13薪,"[""\u8282\u65e5\u798f\u5229"", ""\u4e94\u9669\u4e00\u91d1"", ""\u9879\u76ee\u5956\u91d1"", ""\u80a1\u7968\u671f\u6743"", ""\u5b9a\u671f\u4f53\u68c0"", ""\u5e74\u7ec8\u5956"", ""\u5458\u5de5\u65c5\u6e38"", ""\u5458\u5de5\u9910\u5385"", ""\u514d\u8d39\u73ed\u8f66""]",人事主管,王先生人事主管,0,伟星股份,"https://img.bosszhipin.com/beijin/mcs/chatphoto/20210422/d1bc3fe663bb7fcfe962391456a225c788022a73a48eb8c13c7e91e1025eef66_s.jpg?x-oss-process=image/resize,w_100,limit_0",贸易/进出口,已上市,"[1000, 9999]",https://www.zhipin.com/job_detail/63e6b3c28898e6331nF73Ny_E1dT.html?lid=9Q6WGFZ1wC0.search.60&securityId=BY3PwamruDjCP-c1VH83TBDYK7-w8D24E2nDU1Lnh-ZNITwQ6YPHhr2KMXpMVisg3jr9AEwccEu6bp2nSd8lw0dutjIz7jDLPbS0UXdbt7cRM6md4A~~&sessionId=,https://www.zhipin.com/gongsi/d486e2dd74ce3c2233F43dm1.html,临海市
java 工程师,嘉兴,java,学历不限,3-5年,"[""Spring"", ""\u540e\u7aef\u5f00\u53d1"", ""Redis"", ""\u8f6f\u4ef6\u5de5\u7a0b\u5e08""]","[6000, 11000]",0薪,无,技术总监,王建明技术总监,0,环鑫科技,"https://img.bosszhipin.com/beijin/app/mobile/normal-0e3f1e4441a21d4874cece3a3d81f0fe.png?x-oss-process=image/resize,w_100,limit_0",数据服务,未融资,"[20, 99]",https://www.zhipin.com/job_detail/4a33e5dacb6a3d0f1nd60ti0EFpW.html?lid=9Q6WGFZ1wC0.search.61&securityId=hIxY8OjEMqwko-H1HzoK6Rnv83ZcNg1GSA1YjEcyuKgFKNDOSBru3Q6fU73f-3Q8aVBxdyCx_tG4XbIOgWuFc6LmWk4t3QW6ChSwMbiRfGCfKTGz2o5D&sessionId=,https://www.zhipin.com/gongsi/760b1abfce5874601nBz2dW0Flo~.html,海宁市
java,南京,java,本科,1-3年,"[""\u540e\u7aef\u5de5\u7a0b\u5e08"", ""Spring"", ""MyBatis"", ""Redis"", ""Java\u5f00\u53d1\u7ecf\u9a8c"", """"]","[7000, 10000]",13薪,无,主管,张山野主管,0,良森云,"https://img.bosszhipin.com/beijin/icon/894ce6fa7e58d64d57e7f22d2f3a9d18afa7fcceaa24b8ea28f56f1bb14732c0.png?x-oss-process=image/resize,w_100,limit_0",移动互联网,未融资,"[0, 20]",https://www.zhipin.com/job_detail/5fbeb1ce12b191301HR73t-8GFVQ.html?lid=9Q6WGFZ1wC0.search.63&securityId=l3FtSwHV4ZiMW-t16bHcS6D455u55pOrk0YFw1YPJIr-408jAhQSRthNgANtRbIoz0_Zlf1RE5RVQlyBLOxkqOrLYGsoHuaMqwJ43enV4HkWrwYh9TRv&sessionId=,https://www.zhipin.com/gongsi/d126031df31aee791Xx50968Flc~.html,浦口区
Java 软件工程师,东营,java,大专,3-5年,"[""Java\u5f00\u53d1\u7ecf\u9a8c"", ""\u5168\u6808\u5de5\u7a0b\u5e08"", ""Java"", ""\u4e2d\u5927\u578b\u9879\u76ee\u67b6\u6784\u8bbe\u8ba1\u7ecf\u9a8c"", """", """", """"]","[7000, 12000]",0薪,无,人事,牛女士人事,0,丰源金盛,"https://img.bosszhipin.com/beijin/mcs/chatphoto/20170830/61de1525a7eb844cfeea79d4117ecc94dfd4be11aa73929aeff69378c3f966f1.jpg?x-oss-process=image/resize,w_100,limit_0",信息安全,未融资,"[20, 99]",https://www.zhipin.com/job_detail/f02bf01afa91ce8e1XJ529W8F1pT.html?lid=9Q6WGFZ1wC0.search.64&securityId=Qucd_2KQ18ram-D1jIAJjhUIS3X0Dqc0AP-mRrfJvjPYU1C5sxQVkEyvmvUw_gxnYoBSXAPGN52guJLP5rqtLbyBzvK4cpn4HdRXHqX_EosZXbx_&sessionId=,https://www.zhipin.com/gongsi/7da73532c70969013n1y29-8.html,东营区
java,北京,java,本科,1-3年,"[""\u540e\u7aef\u5de5\u7a0b\u5e08"", ""Java""]","[10000, 15000]",0薪,无,商务,林慧商务,0,北京问吧云计算,"https://img.bosszhipin.com/beijin/icon/894ce6fa7e58d64d57e7f22d2f3a9d18afa7fcceaa24b8ea28f56f1bb14732c0.png?x-oss-process=image/resize,w_100,limit_0",计算机服务,未融资,"[0, 20]",https://www.zhipin.com/job_detail/7209d0ccc9cbdf5a1X1_3d-7EVRW.html?lid=9Q6WGFZ1wC0.search.65&securityId=Dpvi8aXhTI194-f154lxrilfPVk_Zskm9JSD2mvhwRp-nhFs8Agxzfs9wmVNsqC8r2bv2PYNARRIF-Ie1_KDozvrOj3GjMuwtQQX1onrvD54IEdkKJp0&sessionId=,https://www.zhipin.com/gongsi/c08607d1f4f700b21Xx_0tq6F1U~.html,朝阳区
java,太原,java,大专,5-10年,"[""Java"", ""Spring"", ""MySQL"", ""\u8ba1\u7b97\u673a/\u8f6f\u4ef6\u5de5\u7a0b\u76f8\u5173\u7ecf\u9a8c"", """", """"]","[6000, 10000]",0薪,"[""\u5168\u52e4\u5956"", ""\u5e74\u7ec8\u5956"", ""\u4e94\u9669\u4e00\u91d1""]",人事专员,武女士人事专员,0,山西和成安全技术服务,"https://img.bosszhipin.com/beijin/upload/com/workfeel/20220725/7bf6f160950405e9854e77519a7ddfd8c577549f6f575d4e28db976ac66f7e5cb4b9a60d21297a9b.jpg?x-oss-process=image/resize,w_100,limit_0",其他专业服务,不需要融资,"[0, 20]",https://www.zhipin.com/job_detail/d077f357ef5caa081XNy3966ElNX.html?lid=9Q6WGFZ1wC0.search.66&securityId=AcpO_5IpiF-Jt-e1NBVTVb2mwkkTnfoQkkJO9RTKCWK-YdKGXrb1M49JXjxl0gOGjQaEP2dMhzUEq2UxDfmHVJx2ETQMYzersT1oLv7RYk_TcGiSge0~&sessionId=,https://www.zhipin.com/gongsi/cdc32b67e02e37011XRz2tq0FlY~.html,小店区
Java,深圳,java,大专,10年以上,"[""Java""]","[25000, 50000]",13薪,无,招聘者,陈女士招聘者,0,博越嘉恒,"https://img.bosszhipin.com/beijin/icon/894ce6fa7e58d64d57e7f22d2f3a9d18afa7fcceaa24b8ea28f56f1bb14732c0.png?x-oss-process=image/resize,w_100,limit_0",电子商务,未融资,"[0, 20]",https://www.zhipin.com/job_detail/57f882d781cabc111XB-2t28EFRT.html?lid=9Q6WGFZ1wC0.search.67&securityId=juOeqNyqLGk3x-61ac4Lzh7vBMfjLQ3xrGo1tIT1jvMhXavNpf39mCAwVgAOIeMm2RWmrr7BsXeat6jxSfIk3QC8JZoZaZ_cEVuovr9YwE1dzK1H77o~&sessionId=,https://www.zhipin.com/gongsi/49c774fb83283d141nN82tq8F1E~.html,龙华区
高级java开发,襄阳,java,学历不限,3-5年,"[""Java"", ""MyBatis"", ""Redis"", ""\u8ba1\u7b97\u673a/\u8f6f\u4ef6\u5de5\u7a0b\u76f8\u5173\u7ecf\u9a8c"", """", """"]","[6000, 8000]",0薪,无,招聘者,陈杰招聘者,0,湖北思成网络技术,"https://img.bosszhipin.com/beijin/icon/894ce6fa7e58d64d57e7f22d2f3a9d18afa7fcceaa24b8ea28f56f1bb14732c0.png?x-oss-process=image/resize,w_100,limit_0",计算机服务,未融资,"[0, 20]",https://www.zhipin.com/job_detail/c50e0a86fdbe4de81X152Nu0FFFX.html?lid=9Q6WGFZ1wC0.search.68&securityId=99YGGizfB0gG9-W1NimzR2Ra83oc0S01yneaBLekRW9PF-85oiuBtQuXu6iaScrVSKH6ehXSTh_olKOgBG9sX37TjlTvDfvQRrcNqxlW2Albt6-638i6&sessionId=,https://www.zhipin.com/gongsi/d240c6175db45e511XNz0927FVc~.html,樊城区
高级java工程师,南京,java,本科,3-5年,"[""Java"", ""Java\u5f00\u53d1\u7ecf\u9a8c"", ""\u5927\u5382\u4e92\u8054\u7f51""]","[24000, 30000]",0薪,"[""\u5e74\u7ec8\u5956"", ""\u8865\u5145\u533b\u7597\u4fdd\u9669"", ""\u4e94\u9669\u4e00\u91d1"", ""\u4ea4\u901a\u8865\u52a9"", ""\u52a0\u73ed\u8865\u52a9"", ""\u5305\u5403"", ""\u4fdd\u9669"", ""\u5458\u5de5\u65c5\u6e38"", ""\u901a\u8baf\u8865\u8d34"", ""\u5b9a\u671f\u4f53\u68c0"", ""\u8282\u65e5\u798f\u5229"", ""\u5e26\u85aa\u5e74\u5047"", ""\u4f4f\u623f\u8865\u8d34"", ""\u9910\u8865""]",猎头顾问,查佳丽猎头顾问,0,正大天晴,"https://img.bosszhipin.com/beijin/mcs/banner/2a65383857d7801445c5b8f2ecb4a903cfcd208495d565ef66e7dff9f98764da.jpg?x-oss-process=image/resize,w_100,limit_0",医疗健康,已上市,"[0, 10000]",https://www.zhipin.com/job_detail/ea3d077df4ad66f41Xx82d-4FlNU.html?lid=9Q6WGFZ1wC0.search.69&securityId=G9PnAJwViZUU3-81UAVW8OPLG5zkN7ACghRDaNhKzJRMmY31BkffqC8wVZi2In83D6KUBiQ-_dNJJlWbSujJNd2bkT2GrVsafMTsUVRc6uesEo165g~~&sessionId=,https://www.zhipin.com/gongsi/9a7f6aa07e8944651nZ83Nu_.html,江宁区
JAVA研发工程师,银川,java,本科,3-5年,"[""\u8f6f\u4ef6\u5de5\u7a0b\u5e08"", ""\u540e\u7aef\u5f00\u53d1""]","[7000, 12000]",0薪,"[""\u5e26\u85aa\u5e74\u5047"", ""\u4e94\u9669\u4e00\u91d1"", ""\u8282\u65e5\u798f\u5229"", ""\u5e74\u7ec8\u5956"", ""\u5b9a\u671f\u4f53\u68c0""]",招聘者,田换招聘者,0,西部安全认证中心,"https://img.bosszhipin.com/beijin/mcs/chatphoto/20200630/da55eeab5eec108e7e8d488fac1460c0ed5e481e0a0aac170f3ed89bbe83f9ba_s.jpg?x-oss-process=image/resize,w_100,limit_0",信息安全,不需要融资,"[20, 99]",https://www.zhipin.com/job_detail/b92d62caae60d55f1nBy3Nm1F1JQ.html?lid=9Q6WGFZ1wC0.search.70&securityId=xDLH7g9kAIzG0-p1o8RipGoUoqB3X5qAZLafuGwvOb1EIAQ44KQoqmELxgifdsbGfXlQi_mFZ07IPwtFg-mBbjSizT-tX1pVF05O6tHhcZmW-ILlmm8~&sessionId=,https://www.zhipin.com/gongsi/273437a49179c9c333R_2Nq1FA~~.html,金凤区
Java,威海,java,学历不限,1-3年,"[""\u540e\u7aef\u5f00\u53d1"", ""Java"", ""\u7cfb\u7edf\u67b6\u6784""]","[6000, 11000]",0薪,无,经理,赵晓华经理,0,微网信息技术,"https://img.bosszhipin.com/beijin/app/mobile/normal-0e3f1e4441a21d4874cece3a3d81f0fe.png?x-oss-process=image/resize,w_100,limit_0",计算机软件,未融资,"[0, 20]",https://www.zhipin.com/job_detail/40ede8fc4f1a37bf1ndz3d-1EFU~.html?lid=9Q6WGFZ1wC0.search.71&securityId=1rEP6XIAgWicy-21Q-7BQGpzJ2n_7bXWA4CJheG7rCDuFFl5AaFcFO3rrJ8g9cTiSVQksR0MNR8PZZclpmV7nx80BzMGdP3TZCgHnMxwoThBU4Bo&sessionId=,https://www.zhipin.com/gongsi/c2926f3045bf33661nR739y9FA~~.html,
Java,深圳,java,本科,经验不限,"[""Java\u5f00\u53d1\u7ecf\u9a8c"", ""\u4e0d\u63a5\u53d7\u5c45\u5bb6\u529e\u516c"", ""\u5206\u5e03\u5f0f\u7cfb\u7edf\u5f00\u53d1\u7ecf\u9a8c"", """", """", """", """"]","[7000, 9000]",0薪,"[""\u4f4f\u623f\u8865\u8d34"", ""\u9910\u8865"", ""\u8282\u65e5\u798f\u5229"", ""\u5e26\u85aa\u5e74\u5047"", ""\u5e74\u7ec8\u5956"", ""\u96f6\u98df\u4e0b\u5348\u8336"", ""\u4e94\u9669\u4e00\u91d1"", ""\u5458\u5de5\u65c5\u6e38""]",信息化主管,胡先生信息化主管,0,中安环,"https://img.bosszhipin.com/beijin/upload/com/workfeel/20220822/7bf6f160950405e96b995ded9fcb8ec4619fd9f3eb8b3bafa0a20d2afb2e7ef9f84e25722528a650.jpg?x-oss-process=image/resize,w_100,limit_0",其他专业服务,未融资,"[20, 99]",https://www.zhipin.com/job_detail/99b299c98d3f09a71X1729q-FlVW.html?lid=9Q6WGFZ1wC0.search.72&securityId=X9ivMXW5CRVaT-u1Pn2nR7PQstxgNaXSKmlm2iDYbTIQz4QbQ9ZcmI2c1EONJAiTi-HaaoqF9PzrTJxZTiVYdHZcGEaVI3Cc_ZmwHtvBy4AGeXfpM0W5&sessionId=,https://www.zhipin.com/gongsi/f35e4e183e3d37fa1n153dy4EFM~.html,罗湖区
Java,成都,java,学历不限,3-5年,"[""Java"", ""Spring"", ""MyBatis""]","[13000, 15000]",0薪,"[""\u4e94\u9669\u4e00\u91d1"", ""\u5168\u52e4\u5956"", ""\u5e26\u85aa\u5e74\u5047""]",行政,杨璟艺行政,0,恒鑫科讯,"https://img.bosszhipin.com/beijin/mcs/chatphoto/20201109/475a8e5ff342851dcc2fd8913b8b5691cb67947c776c6f56f3f15b4a48be2de6_s.jpg?x-oss-process=image/resize,w_100,limit_0",医疗健康,未融资,"[0, 20]",https://www.zhipin.com/job_detail/b86fa57ef5f1f9631X1z2d24FlNQ.html?lid=9Q6WGFZ1wC0.search.74&securityId=x5H18QnGimqMJ-m1IlOUxvSY-KlY46rbOGFkZqwGpzTTgGjhdrmToLih2BsQcMn4kYtiMuzyEcSRSKT0qMAw6hGTmGrfEcJiL84l2tDiJ2uB5pNMLw~~&sessionId=,https://www.zhipin.com/gongsi/e86d8edc062c5eb63nZ90t6-Fg~~.html,武侯区
Java,乌鲁木齐,java,本科,经验不限,"[""Java"", ""\u540e\u7aef\u5f00\u53d1"", ""Javascript""]","[8000, 13000]",0薪,"[""\u8282\u5047\u65e5\u52a0\u73ed\u8d39"", ""\u5b9a\u671f\u4f53\u68c0"", ""\u5458\u5de5\u65c5\u6e38"", ""\u8282\u65e5\u798f\u5229"", ""\u4e94\u9669\u4e00\u91d1"", ""\u5de5\u9f84\u5956"", ""\u52a0\u73ed\u8865\u52a9"", ""\u5e26\u85aa\u5e74\u5047"", ""\u5e74\u7ec8\u5956"", ""\u751f\u65e5\u798f\u5229"", ""\u56e2\u5efa\u805a\u9910""]",新疆事业部,董亚辉新疆事业部,0,久远银海,"https://img.bosszhipin.com/beijin/mcs/banner/fe9d493392f98d5d23194b6e09af3237cfcd208495d565ef66e7dff9f98764da.png?x-oss-process=image/resize,w_100,limit_0",计算机软件,已上市,"[1000, 9999]",https://www.zhipin.com/job_detail/b215bb124d04c9151HR60t65FFJX.html?lid=9Q6WGFZ1wC0.search.75&securityId=VYO2SCyfzu_Td-31OQOTeI_ChjSXrp6SbMONP_2YGtgqpwpY-IJmAnIdcOIZIImavDFevWpAOX4dA2_MCskA1fT-qlp1UE-gpI1HVhTu6zOBpAMZ&sessionId=,https://www.zhipin.com/gongsi/64e388bae68360a51H1_29u7.html,
Java,武汉,java,本科,经验不限,"[""\u591a\u7ebf\u7a0b"", ""Python"", ""MVC\u5f00\u53d1""]","[20000, 35000]",16薪,"[""\u5e26\u85aa\u5e74\u5047"", ""\u80a1\u7968\u671f\u6743"", ""\u96f6\u98df\u4e0b\u5348\u8336"", ""\u4e94\u9669\u4e00\u91d1"", ""\u4ea4\u901a\u8865\u52a9"", ""\u901a\u8baf\u8865\u8d34"", ""\u8865\u5145\u533b\u7597\u4fdd\u9669"", ""\u4f4f\u623f\u8865\u8d34"", ""\u514d\u8d39\u73ed\u8f66"", ""\u5458\u5de5\u65c5\u6e38"", ""\u5e74\u7ec8\u5956"", ""\u5b9a\u671f\u4f53\u68c0"", ""\u52a0\u73ed\u8865\u52a9"", ""\u8282\u65e5\u798f\u5229""]",高级工程师,韩先生高级工程师,0,华为终端有限公司,"https://img.bosszhipin.com/beijin/upload/com/logo/20210316/73ea6807f43915a26ed9cc2674429bae3e8741717a4ad566bdbc95a3b8d77bcb.png?x-oss-process=image/resize,w_100,limit_0",通信/网络设备,不需要融资,"[0, 10000]",https://www.zhipin.com/job_detail/17442bfb30f03f1b1XRz2dW0ElZQ.html?lid=9Q6WGFZ1wC0.search.76&securityId=1osy_MwYumZy0-H1SrkZtZRqDQDC_OmIgTWY2Q35rL0TRDJavr19plnUj6jVRBlK5kasrHWH6HbexVuuegL0aKbEq7yufExSs4oqfDY__OMoz-SwgQ~~&sessionId=,https://www.zhipin.com/gongsi/1fcb005b2df3d7d303J73dW4Ew~~.html,江夏区
Java,南京,java,本科,10年以上,"[""\u5168\u6808\u5f00\u53d1"", ""Python"", ""HTML"", ""CSS"", ""SQL"", ""Shell""]","[12000, 20000]",0薪,无,招聘者,周玉珍招聘者,0,琅霆,"https://img.bosszhipin.com/beijin/icon/894ce6fa7e58d64d57e7f22d2f3a9d18afa7fcceaa24b8ea28f56f1bb14732c0.png?x-oss-process=image/resize,w_100,limit_0",其他专业服务,不需要融资,"[0, 20]",https://www.zhipin.com/job_detail/925fc7397d9e664c1Xd_2N2_FlZX.html?lid=9Q6WGFZ1wC0.search.77&securityId=lAZoPJIHGsKA6-01qazwmt5U0Iq2vsk8R7wRVn-TTnxGo4vj3a7ows2kAaXVOw-ZJ-HVNqnnM3nnVW148hMUIYbSAVZe452d3gm0XSEu0nk3u8zsdBVX&sessionId=,https://www.zhipin.com/gongsi/dacc39b954a491c51nJ42tS6ElY~.html,溧水区
Java,宜昌,java,大专,1-3年,"[""SQL"", ""WEB\u5f00\u53d1""]","[9000, 10000]",0薪,"[""\u52a0\u73ed\u8865\u52a9"", ""\u80a1\u7968\u671f\u6743"", ""\u5e74\u7ec8\u5956"", ""\u5e26\u85aa\u5e74\u5047"", ""\u8282\u65e5\u798f\u5229"", ""\u5458\u5de5\u65c5\u6e38"", ""\u96f6\u98df\u4e0b\u5348\u8336"", ""\u5168\u52e4\u5956""]",招聘者,罗仁聪招聘者,0,纳新网络,"https://img.bosszhipin.com/beijin/upload/com/workfeel/20210812/1fa349cf012f67cb483f93ff002bb58c5b145a16e74fd0082b48cb8a5d4e01f0.jpg?x-oss-process=image/resize,w_100,limit_0",计算机软件,A轮,"[20, 99]",https://www.zhipin.com/job_detail/ca11e63cbcd7aea41nN509u7ElNQ.html?lid=9Q6WGFZ1wC0.search.78&securityId=-W4nlv3mIC6tn-D1371_RH0mNUqT4nAXRvxKvqSRd4VjG7d0A1QhCOVfo9fTxsra2KzfEg7XeWCFbOtpTaRiNStPGB84Y6cDjA00ggUMAT0Syhrq&sessionId=,https://www.zhipin.com/gongsi/7ee409075db7a9fe0H173NS7.html,西陵区
java程序员,温州,java,大专,经验不限,"[""\u540e\u7aef\u5de5\u7a0b\u5e08"", ""\u67b6\u6784\u5e08"", ""Java"", ""MySQL"", ""JavaScript"", """", """", """"]","[10000, 15000]",0薪,无,人事,杨先生人事,0,温州轩捷贸易,"https://img.bosszhipin.com/beijin/icon/894ce6fa7e58d64d57e7f22d2f3a9d18afa7fcceaa24b8ea28f56f1bb14732c0.png?x-oss-process=image/resize,w_100,limit_0",互联网,未融资,"[0, 20]",https://www.zhipin.com/job_detail/f372df245830174c1XNz3ti-FFdX.html?lid=9Q6WGFZ1wC0.search.79&securityId=5jj417eeOy0y1-r17yfegYr9cK03fOw9HSvqzT5QcLl4rM6SqPGE-W9I7QNrgULebfMnkJKWgaJghAh86eoHUNr1DYIL9Y3S1vKPmYRstZvvzgI0SMs~&sessionId=,https://www.zhipin.com/gongsi/a69e24f6c75251990X1y3dq0EQ~~.html,鹿城区
Java,大连,java,大专,5-10年,"[""\u56e2\u961f\u7ba1\u7406\u7ecf\u9a8c"", ""\u5fae\u670d\u52a1"", ""\u91d1\u878d\u4fdd\u9669\u884c\u4e1a\u7ecf\u9a8c"", ""\u65e5\u8bed""]","[14000, 18000]",0薪,"[""\u4e94\u9669\u4e00\u91d1"", ""\u8865\u5145\u533b\u7597\u4fdd\u9669"", ""\u52a0\u73ed\u8865\u52a9"", ""\u5e26\u85aa\u5e74\u5047"", ""\u9910\u8865"", ""\u8282\u65e5\u798f\u5229"", ""\u96f6\u98df\u4e0b\u5348\u8336""]",招聘经理,宋女士招聘经理,0,开发者科技,"https://img.bosszhipin.com/beijin/upload/com/workfeel/20220217/7bf6f160950405e9af280a7102a0b441a585c1701ef6d39263746202a65b541bff874dc27a094689.jpg?x-oss-process=image/resize,w_100,limit_0",互联网,未融资,"[500, 999]",https://www.zhipin.com/job_detail/4f1a52495de64d281Xx83N2-F1JX.html?lid=9Q6WGFZ1wC0.search.80&securityId=2GMV9SAoL8Fdk-f1LndMeZ5Zd7d20fHgX4iHRe7XWEwC39ApdphC8VdbJtWYB5T7Ez4AsPDULtjwI5zAQlPNCxMM_XJQa5rQ0vXTKdzUyYOjYZOWmZ3H&sessionId=,https://www.zhipin.com/gongsi/87f7fc00864751651nV939y9FFE~.html,沙河口区
Java开发工程师,泰安,java,学历不限,1-3年,"[""SQL"", ""\u5fae\u670d\u52a1\u67b6\u6784"", ""\u641c\u7d22\u5f15\u64ce\u6280\u672f"", ""\u8d1f\u8f7d\u5747\u8861\u6280\u672f"", """", """", """", """"]","[5000, 9000]",0薪,无,HR,刘颖HR,0,鸿瑞物业,"https://img.bosszhipin.com/beijin/app/mobile/normal-0e3f1e4441a21d4874cece3a3d81f0fe.png?x-oss-process=image/resize,w_100,limit_0",物业服务,未融资,"[20, 99]",https://www.zhipin.com/job_detail/03b8c3eded62994c1XV83ty-EFNU.html?lid=9Q6WGFZ1wC0.search.81&securityId=2rMzidqL9dmxC-W13dRIgSz_4Y1lt9D1Q7pmt_HaUMMNdZYKGhjmiVy-xXrfCzkT-6Soh8S4yDR-nbNvVkB4taK8lg-l5sJy8JeBj0_K--cyiGmbEtA~&sessionId=,https://www.zhipin.com/gongsi/d32aab4afe4546901XV_0tm0GQ~~.html,泰山区
JAVA工程师,济南,java,本科,经验不限,"[""SQL"", ""Spring"", ""Oracle"", ""SpringMVC""]","[8000, 13000]",0薪,"[""\u5b63\u5ea6\u798f\u5229"", ""\u751f\u65e5\u793c\u7269"", ""\u5e26\u85aa\u5e74\u5047"", ""\u8282\u65e5\u798f\u5229"", ""\u5458\u5de5\u6d3b\u52a8"", ""\u5305\u5403"", ""\u4e94\u9669\u4e00\u91d1""]",HR,陈女士HR,0,山东星火教育科技...,"https://img.bosszhipin.com/beijin/upload/com/workfeel/20210722/e2d8b7dc8025ab2eb3001835031c9e5baca9295b77a25b246cd95a3754c7545f.jpg?x-oss-process=image/resize,w_100,limit_0",新闻/出版,未融资,"[500, 999]",https://www.zhipin.com/job_detail/3dd39b3d16fba21c1nN62d2-FlZX.html?lid=9Q6WGFZ1wC0.search.82&securityId=_i1COH7P-y6WC-T1a9tEUus8wi-ZDydzCAV-T3I2JhE1RPH05L1B20lSAFcuoF4WV-tabQZ2wdGshxqhC--lh6-uGwr9WtQmh1Ro5RnLppkkoC1olDA~&sessionId=,https://www.zhipin.com/gongsi/e54e02ff41805af11nBy3ty7F1Y~.html,
Java,中山,java,大专,1-3年,"[""Java"", ""\u8ba1\u7b97\u673a/\u8f6f\u4ef6\u5de5\u7a0b\u76f8\u5173\u7ecf\u9a8c"", ""Java\u5f00\u53d1\u7ecf\u9a8c""]","[6000, 11000]",0薪,"[""\u5458\u5de5\u65c5\u6e38"", ""\u4f4f\u623f\u8865\u8d34"", ""\u5e74\u7ec8\u5956"", ""\u80a1\u7968\u671f\u6743"", ""\u4e94\u9669\u4e00\u91d1"", ""\u8282\u65e5\u798f\u5229"", ""\u5e26\u85aa\u5e74\u5047"", ""\u52a0\u73ed\u8865\u52a9"", ""\u5305\u5403""]",招聘者,朱先生招聘者,0,英达思迅,"https://img.bosszhipin.com/beijin/upload/com/logo/20210302/6c7e99110fe5ac27ef15b0600b72c9a15ba327ee646e8834e7c935397304d489.png?x-oss-process=image/resize,w_100,limit_0",互联网,未融资,"[20, 99]",https://www.zhipin.com/job_detail/60c007ef127567a01XFy29q8FVBT.html?lid=9Q6WGFZ1wC0.search.83&securityId=pfa2hTyQz1Fum-m1TfUUZG7z8ack_KEDPCQcMD3owy11KqSBUPNXPvXF1J2fJ2vKYGet8e-KN8QBrnD633m_CiTD3VxEXBD1Ryz-Ojuna6OMwloQ3fg~&sessionId=,https://www.zhipin.com/gongsi/2a2a5e0b6e28dc7f03V509i9Fw~~.html,火炬开发区
Java,宿迁,java,大专,1-3年,"[""PHP"", ""HTML"", ""Spring"", ""\u5168\u6808\u5f00\u53d1""]","[6000, 9000]",0薪,"[""\u4e94\u9669\u4e00\u91d1""]",总经理,袁晨皓总经理,0,京智云科,"https://img.bosszhipin.com/beijin/upload/com/logo/20220118/7b5b554d84f9729cdbe98d64a29d1efd2ac60a4ab53b676adb8b8b0fd07aa4e7da9ee498bbd9c6f2.png?x-oss-process=image/resize,w_100,limit_0",电子商务,天使轮,"[20, 99]",https://www.zhipin.com/job_detail/ad310c8da507fbab1XR_09q4EVFQ.html?lid=9Q6WGFZ1wC0.search.84&securityId=aIsgVIX1BDjTX-U1KDqfrPz9Q2QQkKTBI5Jmgw7-vZ2qmXaDJ0Sj51NKYVAryB6J9GRwaBN_M6JmLktuHsd1zg2bk1DB01Gh0hpjlCh5-r6U6PGf08A~&sessionId=,https://www.zhipin.com/gongsi/a1755ab645d4363c1XR42dW6GVQ~.html,
高级java工程师,烟台,java,本科,5-10年,"[""\u540e\u7aef\u5de5\u7a0b\u5e08"", ""Java"", ""Spring"", ""MyBatis"", ""Java\u5f00\u53d1\u7ecf\u9a8c"", """"]","[10000, 15000]",0薪,"[""\u5458\u5de5\u65c5\u6e38"", ""\u4ea4\u901a\u8865\u52a9"", ""\u5e74\u7ec8\u5956"", ""\u4e94\u9669\u4e00\u91d1"", ""\u8282\u65e5\u798f\u5229"", ""\u96f6\u98df\u4e0b\u5348\u8336"", ""\u5e26\u85aa\u5e74\u5047"", ""\u9910\u8865"", ""\u5b9a\u671f\u4f53\u68c0""]",项目负责人,张德涛项目负责人,0,欣和企业,"https://img2.bosszhipin.com/mcs/chatphoto/20151220/f12f10f73dab1e3f1c798738c269f7cadb5d8d322f9bea262af59edd5b631d22.jpg?x-oss-process=image/resize,w_100,limit_0",生活服务,不需要融资,"[1000, 9999]",https://www.zhipin.com/job_detail/0c807daa4ae99f0a1Xx83N-1FlBX.html?lid=9Q6WGFZ1wC0.search.85&securityId=DDA6EAYpiwp5X-p1L5vZK0zpO8cbiV4vopyNaPRDPVGtob8FpQheOLTGeV_lPatf07KZ9c2MJ4WBgjA7aUf6HsHw1nNuA4E4Hsod4KkG2Lr6lw~~&sessionId=,https://www.zhipin.com/gongsi/2deaa948548f9e751nV92Q~~.html,福山区
java,惠州,java,本科,3-5年,"[""\u540e\u7aef\u5de5\u7a0b\u5e08"", ""Spring""]","[11000, 18000]",0薪,无,HR,余女士HR,0,早勤企业,"https://img.bosszhipin.com/beijin/icon/894ce6fa7e58d64d57e7f22d2f3a9d18afa7fcceaa24b8ea28f56f1bb14732c0.png?x-oss-process=image/resize,w_100,limit_0",咨询,未融资,"[0, 20]",https://www.zhipin.com/job_detail/c38356e343dfc74c1HR42du0EVJQ.html?lid=9Q6WGFZ1wC0.search.86&securityId=PbDmMAxAKkUdY-n1pcFbobI593-sNbYJgjPdiTGNZcsOKhBk8B6EKVMYuwHfe4HUXlqr6PGHvzWcXQ8TdKMlKnxPdnl55BR9mSeDTvAL3blAw6F-vg7Q&sessionId=,https://www.zhipin.com/gongsi/29ba140205bb63311Xd92967F1Q~.html,惠阳区
java仓储,西安,java,本科,3-5年,"[""Java"", ""\u5206\u5e03\u5f0f\u7cfb\u7edf\u5f00\u53d1\u7ecf\u9a8c"", ""\u6838\u5fc3\u5f00\u53d1"", ""\u7269\u6d41""]","[15000, 22000]",13薪,"[""\u5e26\u85aa\u5e74\u5047"", ""\u8282\u65e5\u798f\u5229"", ""\u5e74\u7ec8\u5956"", ""\u514d\u8d39\u73ed\u8f66"", ""\u5b9a\u671f\u4f53\u68c0"", ""\u4e94\u9669\u4e00\u91d1""]",hr,罗女士hr,0,博彦科技,"https://img.bosszhipin.com/beijin/mcs/banner/eb7c416aa1c228b43cbae35dbf1e6990cfcd208495d565ef66e7dff9f98764da.jpg?x-oss-process=image/resize,w_100,limit_0",计算机软件,已上市,"[0, 10000]",https://www.zhipin.com/job_detail/b6615a18d92335f31X150ti-FlFT.html?lid=9Q6WGFZ1wC0.search.87&securityId=w5Us-VMVY9Vnx-B1WddsmcygLWKH7E3KntvsYPJNYcvr4PeYmSnmhqIP7PAZtThTvo0vmMdU8fW0AhQSgssxMaiK87N6QoRYfEQ8OEG4wde1IGLKjSGqs5jmaRsLDLomi7iAIJX2I_YiqCaT4KvG&sessionId=,https://www.zhipin.com/gongsi/e715aa1be4283fc21nd62tq5.html,雁塔区
java-通辽,通辽,java,本科,3-5年,"[""\u540e\u7aef\u5de5\u7a0b\u5e08"", ""\u8ba1\u7b97\u673a/\u8f6f\u4ef6\u5de5\u7a0b\u76f8\u5173\u7ecf\u9a8c""]","[10000, 15000]",0薪,"[""\u96f6\u98df\u4e0b\u5348\u8336"", ""\u901a\u8baf\u8865\u8d34"", ""\u4e94\u9669\u4e00\u91d1"", ""\u52a0\u73ed\u8865\u52a9"", ""\u5b9a\u671f\u4f53\u68c0"", ""\u9910\u8865"", ""\u5458\u5de5\u65c5\u6e38"", ""\u5e74\u7ec8\u5956"", ""\u5e26\u85aa\u5e74\u5047"", ""\u8865\u5145\u533b\u7597\u4fdd\u9669"", ""\u8282\u65e5\u798f\u5229"", ""\u4ea4\u901a\u8865\u52a9""]",HR,江女士HR,0,华成峰科技,"https://img.bosszhipin.com/beijin/mcs/chatphoto/20161031/b0ec88849b8ea678c9229e31f1c0e2dc52f5c68ef489b4af1dc81d4520bf4342.jpg?x-oss-process=image/resize,w_100,limit_0",计算机软件,不需要融资,"[500, 999]",https://www.zhipin.com/job_detail/146f67f4525a89341X1z3Ni9E1pT.html?lid=9Q6WGFZ1wC0.search.88&securityId=aL4GFEPBUIUkr-f1bAaigkbG3E7bL-h-53tEdN6WkGQVsimP2-aaXhhtN5CEA5v6_sRjmvXn8T1aDfOJlsAn2XdffB-PMRgMCAnN_md2FcgPe15A&sessionId=,https://www.zhipin.com/gongsi/aa857de4e8f3b0bb03R-3N66.html,科尔沁区
Java,济南,java,大专,3-5年,"[""Java"", ""\u540e\u7aef\u5f00\u53d1"", ""\u4f01\u4e1a\u8f6f\u4ef6""]","[8000, 13000]",0薪,"[""\u5e74\u7ec8\u5956"", ""\u4e94\u9669\u4e00\u91d1"", ""\u52a0\u73ed\u8865\u52a9"", ""\u5e26\u85aa\u5e74\u5047"", ""\u5168\u52e4\u5956"", ""\u5458\u5de5\u65c5\u6e38"", ""\u8282\u65e5\u798f\u5229""]",人资经理,张龙飞人资经理,0,66公里,"https://img.bosszhipin.com/beijin/mcs/chatphoto/20190321/aa4b207a8843c537b50690572d473971858b0a9405b0a787ccd7577903c3637c_s.jpg?x-oss-process=image/resize,w_100,limit_0",计算机软件,不需要融资,"[20, 99]",https://www.zhipin.com/job_detail/aff2adff03bace1a1Xd53d6_FlU~.html?lid=9Q6WGFZ1wC0.search.89&securityId=GfK74cjVxeTkI-H1tMriW9sxBln_LKJLeoPJLpKwmCqf7l57TYdzMSsduyFupgAYoqdXwoiqZC37p3a6mm1mSk5qnWueg9oM6g_t61a5n_R_3F4O&sessionId=,https://www.zhipin.com/gongsi/ce8d14498f336b871Xd_3d26EA~~.html,
Java,武汉,java,大专,1-3年,"[""Java"", ""Spring"", ""Java\u5f00\u53d1\u7ecf\u9a8c""]","[6000, 10000]",0薪,"[""\u4e94\u9669\u4e00\u91d1""]",项目助理,陶利项目助理,0,乐学创新,"https://img.bosszhipin.com/beijin/icon/894ce6fa7e58d64d57e7f22d2f3a9d18afa7fcceaa24b8ea28f56f1bb14732c0.png?x-oss-process=image/resize,w_100,limit_0",计算机软件,未融资,"[0, 20]",https://www.zhipin.com/job_detail/ebb86a8c790f55351XB92dm9E1pT.html?lid=9Q6WGFZ1wC0.search.90&securityId=jYVMvw0NqDSG2-Y1WnHurifYL27O75U5E0xWRgNeB4zJwO4zLKwxTux8YSoOPG8T5fJH00OXafTpvYv6z60lakjPyp2aH0xfPQh3jRpav7xiujSsK8w~&sessionId=,https://www.zhipin.com/gongsi/3c1abf091daa3e041XRy2di-ElA~.html,青山区
